"";"Cantabria - Total - Total - Transacciones";"Cantabria - Total - Entre 0-150.000 euros - Transacciones";"Cantabria - Total - Entre 150.001-300.000 euros - Transacciones";"Cantabria - Total - Entre 300.001-450.000 euros - Transacciones";"Cantabria - Total - Entre 450.001-600.000 euros - Transacciones";"Cantabria - Total - Entre 600.001-750.000 euros - Transacciones";"Cantabria - Total - Entre 750.001-900.000 euros  - Transacciones";"Cantabria - Total - Entre 900.001-1.050.000 euros - Transacciones";"Cantabria - Total - Más de 1.050.000 euros - Transacciones";"Cantabria - Menos de 30 m2 - Total - Transacciones";"Cantabria - Menos de 30 m2 - Entre 0-150.000 euros - Transacciones";"Cantabria - Menos de 30 m2 - Entre 150.001-300.000 euros - Transacciones";"Cantabria - Menos de 30 m2 - Entre 300.001-450.000 euros - Transacciones";"Cantabria - Menos de 30 m2 - Entre 450.001-600.000 euros - Transacciones";"Cantabria - Menos de 30 m2 - Entre 600.001-750.000 euros - Transacciones";"Cantabria - Menos de 30 m2 - Entre 750.001-900.000 euros  - Transacciones";"Cantabria - Menos de 30 m2 - Entre 900.001-1.050.000 euros - Transacciones";"Cantabria - Menos de 30 m2 - Más de 1.050.000 euros - Transacciones";"Cantabria - Entre 30,01 a 60 m2 - Total - Transacciones";"Cantabria - Entre 30,01 a 60 m2 - Entre 0-150.000 euros - Transacciones";"Cantabria - Entre 30,01 a 60 m2 - Entre 150.001-300.000 euros - Transacciones";"Cantabria - Entre 30,01 a 60 m2 - Entre 300.001-450.000 euros - Transacciones";"Cantabria - Entre 30,01 a 60 m2 - Entre 450.001-600.000 euros - Transacciones";"Cantabria - Entre 30,01 a 60 m2 - Entre 600.001-750.000 euros - Transacciones";"Cantabria - Entre 30,01 a 60 m2 - Entre 750.001-900.000 euros  - Transacciones";"Cantabria - Entre 30,01 a 60 m2 - Entre 900.001-1.050.000 euros - Transacciones";"Cantabria - Entre 30,01 a 60 m2 - Más de 1.050.000 euros - Transacciones";"Cantabria - Entre 60,01 a 90 m2 - Total - Transacciones";"Cantabria - Entre 60,01 a 90 m2 - Entre 0-150.000 euros - Transacciones";"Cantabria - Entre 60,01 a 90 m2 - Entre 150.001-300.000 euros - Transacciones";"Cantabria - Entre 60,01 a 90 m2 - Entre 300.001-450.000 euros - Transacciones";"Cantabria - Entre 60,01 a 90 m2 - Entre 450.001-600.000 euros - Transacciones";"Cantabria - Entre 60,01 a 90 m2 - Entre 600.001-750.000 euros - Transacciones";"Cantabria - Entre 60,01 a 90 m2 - Entre 750.001-900.000 euros  - Transacciones";"Cantabria - Entre 60,01 a 90 m2 - Entre 900.001-1.050.000 euros - Transacciones";"Cantabria - Entre 60,01 a 90 m2 - Más de 1.050.000 euros - Transacciones";"Cantabria - Entre 90,01 a 120  m2 - Total - Transacciones";"Cantabria - Entre 90,01 a 120  m2 - Entre 0-150.000 euros - Transacciones";"Cantabria - Entre 90,01 a 120  m2 - Entre 150.001-300.000 euros - Transacciones";"Cantabria - Entre 90,01 a 120  m2 - Entre 300.001-450.000 euros - Transacciones";"Cantabria - Entre 90,01 a 120  m2 - Entre 450.001-600.000 euros - Transacciones";"Cantabria - Entre 90,01 a 120  m2 - Entre 600.001-750.000 euros - Transacciones";"Cantabria - Entre 90,01 a 120  m2 - Entre 750.001-900.000 euros  - Transacciones";"Cantabria - Entre 90,01 a 120  m2 - Entre 900.001-1.050.000 euros - Transacciones";"Cantabria - Entre 90,01 a 120  m2 - Más de 1.050.000 euros - Transacciones";"Cantabria - Entre 120,01 a 150 m2 - Total - Transacciones";"Cantabria - Entre 120,01 a 150 m2 - Entre 0-150.000 euros - Transacciones";"Cantabria - Entre 120,01 a 150 m2 - Entre 150.001-300.000 euros - Transacciones";"Cantabria - Entre 120,01 a 150 m2 - Entre 300.001-450.000 euros - Transacciones";"Cantabria - Entre 120,01 a 150 m2 - Entre 450.001-600.000 euros - Transacciones";"Cantabria - Entre 120,01 a 150 m2 - Entre 600.001-750.000 euros - Transacciones";"Cantabria - Entre 120,01 a 150 m2 - Entre 750.001-900.000 euros  - Transacciones";"Cantabria - Entre 120,01 a 150 m2 - Entre 900.001-1.050.000 euros - Transacciones";"Cantabria - Entre 120,01 a 150 m2 - Más de 1.050.000 euros - Transacciones";"Cantabria - Entre 150,01 a 180  m2 - Total - Transacciones";"Cantabria - Entre 150,01 a 180  m2 - Entre 0-150.000 euros - Transacciones";"Cantabria - Entre 150,01 a 180  m2 - Entre 150.001-300.000 euros - Transacciones";"Cantabria - Entre 150,01 a 180  m2 - Entre 300.001-450.000 euros - Transacciones";"Cantabria - Entre 150,01 a 180  m2 - Entre 450.001-600.000 euros - Transacciones";"Cantabria - Entre 150,01 a 180  m2 - Entre 600.001-750.000 euros - Transacciones";"Cantabria - Entre 150,01 a 180  m2 - Entre 750.001-900.000 euros  - Transacciones";"Cantabria - Entre 150,01 a 180  m2 - Entre 900.001-1.050.000 euros - Transacciones";"Cantabria - Entre 150,01 a 180  m2 - Más de 1.050.000 euros - Transacciones";"Cantabria - Más de 180  m2 - Total - Transacciones";"Cantabria - Más de 180  m2 - Entre 0-150.000 euros - Transacciones";"Cantabria - Más de 180  m2 - Entre 150.001-300.000 euros - Transacciones";"Cantabria - Más de 180  m2 - Entre 300.001-450.000 euros - Transacciones";"Cantabria - Más de 180  m2 - Entre 450.001-600.000 euros - Transacciones";"Cantabria - Más de 180  m2 - Entre 600.001-750.000 euros - Transacciones";"Cantabria - Más de 180  m2 - Entre 750.001-900.000 euros  - Transacciones";"Cantabria - Más de 180  m2 - Entre 900.001-1.050.000 euros - Transacciones";"Cantabria - Más de 180  m2 - Más de 1.050.000 euros - Transacciones";"España - Total - Total - Transacciones";"España - Total - Entre 0-150.000 euros - Transacciones";"España - Total - Entre 150.001-300.000 euros - Transacciones";"España - Total - Entre 300.001-450.000 euros - Transacciones";"España - Total - Entre 450.001-600.000 euros - Transacciones";"España - Total - Entre 600.001-750.000 euros - Transacciones";"España - Total - Entre 750.001-900.000 euros  - Transacciones";"España - Total - Entre 900.001-1.050.000 euros - Transacciones";"España - Total - Más de 1.050.000 euros - Transacciones";"España - Menos de 30 m2 - Total - Transacciones";"España - Menos de 30 m2 - Entre 0-150.000 euros - Transacciones";"España - Menos de 30 m2 - Entre 150.001-300.000 euros - Transacciones";"España - Menos de 30 m2 - Entre 300.001-450.000 euros - Transacciones";"España - Menos de 30 m2 - Entre 450.001-600.000 euros - Transacciones";"España - Menos de 30 m2 - Entre 600.001-750.000 euros - Transacciones";"España - Menos de 30 m2 - Entre 750.001-900.000 euros  - Transacciones";"España - Menos de 30 m2 - Entre 900.001-1.050.000 euros - Transacciones";"España - Menos de 30 m2 - Más de 1.050.000 euros - Transacciones";"España - Entre 30,01 a 60 m2 - Total - Transacciones";"España - Entre 30,01 a 60 m2 - Entre 0-150.000 euros - Transacciones";"España - Entre 30,01 a 60 m2 - Entre 150.001-300.000 euros - Transacciones";"España - Entre 30,01 a 60 m2 - Entre 300.001-450.000 euros - Transacciones";"España - Entre 30,01 a 60 m2 - Entre 450.001-600.000 euros - Transacciones";"España - Entre 30,01 a 60 m2 - Entre 600.001-750.000 euros - Transacciones";"España - Entre 30,01 a 60 m2 - Entre 750.001-900.000 euros  - Transacciones";"España - Entre 30,01 a 60 m2 - Entre 900.001-1.050.000 euros - Transacciones";"España - Entre 30,01 a 60 m2 - Más de 1.050.000 euros - Transacciones";"España - Entre 60,01 a 90 m2 - Total - Transacciones";"España - Entre 60,01 a 90 m2 - Entre 0-150.000 euros - Transacciones";"España - Entre 60,01 a 90 m2 - Entre 150.001-300.000 euros - Transacciones";"España - Entre 60,01 a 90 m2 - Entre 300.001-450.000 euros - Transacciones";"España - Entre 60,01 a 90 m2 - Entre 450.001-600.000 euros - Transacciones";"España - Entre 60,01 a 90 m2 - Entre 600.001-750.000 euros - Transacciones";"España - Entre 60,01 a 90 m2 - Entre 750.001-900.000 euros  - Transacciones";"España - Entre 60,01 a 90 m2 - Entre 900.001-1.050.000 euros - Transacciones";"España - Entre 60,01 a 90 m2 - Más de 1.050.000 euros - Transacciones";"España - Entre 90,01 a 120  m2 - Total - Transacciones";"España - Entre 90,01 a 120  m2 - Entre 0-150.000 euros - Transacciones";"España - Entre 90,01 a 120  m2 - Entre 150.001-300.000 euros - Transacciones";"España - Entre 90,01 a 120  m2 - Entre 300.001-450.000 euros - Transacciones";"España - Entre 90,01 a 120  m2 - Entre 450.001-600.000 euros - Transacciones";"España - Entre 90,01 a 120  m2 - Entre 600.001-750.000 euros - Transacciones";"España - Entre 90,01 a 120  m2 - Entre 750.001-900.000 euros  - Transacciones";"España - Entre 90,01 a 120  m2 - Entre 900.001-1.050.000 euros - Transacciones";"España - Entre 90,01 a 120  m2 - Más de 1.050.000 euros - Transacciones";"España - Entre 120,01 a 150 m2 - Total - Transacciones";"España - Entre 120,01 a 150 m2 - Entre 0-150.000 euros - Transacciones";"España - Entre 120,01 a 150 m2 - Entre 150.001-300.000 euros - Transacciones";"España - Entre 120,01 a 150 m2 - Entre 300.001-450.000 euros - Transacciones";"España - Entre 120,01 a 150 m2 - Entre 450.001-600.000 euros - Transacciones";"España - Entre 120,01 a 150 m2 - Entre 600.001-750.000 euros - Transacciones";"España - Entre 120,01 a 150 m2 - Entre 750.001-900.000 euros  - Transacciones";"España - Entre 120,01 a 150 m2 - Entre 900.001-1.050.000 euros - Transacciones";"España - Entre 120,01 a 150 m2 - Más de 1.050.000 euros - Transacciones";"España - Entre 150,01 a 180  m2 - Total - Transacciones";"España - Entre 150,01 a 180  m2 - Entre 0-150.000 euros - Transacciones";"España - Entre 150,01 a 180  m2 - Entre 150.001-300.000 euros - Transacciones";"España - Entre 150,01 a 180  m2 - Entre 300.001-450.000 euros - Transacciones";"España - Entre 150,01 a 180  m2 - Entre 450.001-600.000 euros - Transacciones";"España - Entre 150,01 a 180  m2 - Entre 600.001-750.000 euros - Transacciones";"España - Entre 150,01 a 180  m2 - Entre 750.001-900.000 euros  - Transacciones";"España - Entre 150,01 a 180  m2 - Entre 900.001-1.050.000 euros - Transacciones";"España - Entre 150,01 a 180  m2 - Más de 1.050.000 euros - Transacciones";"España - Más de 180  m2 - Total - Transacciones";"España - Más de 180  m2 - Entre 0-150.000 euros - Transacciones";"España - Más de 180  m2 - Entre 150.001-300.000 euros - Transacciones";"España - Más de 180  m2 - Entre 300.001-450.000 euros - Transacciones";"España - Más de 180  m2 - Entre 450.001-600.000 euros - Transacciones";"España - Más de 180  m2 - Entre 600.001-750.000 euros - Transacciones";"España - Más de 180  m2 - Entre 750.001-900.000 euros  - Transacciones";"España - Más de 180  m2 - Entre 900.001-1.050.000 euros - Transacciones";"España - Más de 180  m2 - Más de 1.050.000 euros - Transacciones"
"2004";"12831";"9927";"2474";"194";"42";"26";"58";"39";"71";"362";"362";"0";"0";"0";"0";"0";"0";"0";"2395";"2346";"49";"0";"0";"0";"0";"0";"0";"4452";"3911";"534";"7";"0";"0";"0";"0";"0";"2736";"2161";"531";"39";"5";"0";"0";"0";"0";"755";"344";"352";"54";"4";"0";"0";"1";"0";"430";"130";"242";"37";"17";"2";"0";"1";"1";"1701";"673";"766";"57";"16";"24";"58";"37";"70";"801695";"573881";"188961";"25538";"6564";"2445";"1255";"877";"2174";"17924";"17454";"427";"43";"0";"0";"0";"0";"0";"135277";"119657";"15251";"369";"0";"0";"0";"0";"0";"290067";"226419";"60446";"2926";"226";"45";"5";"0";"0";"177388";"121638";"49302";"5594";"706";"108";"37";"3";"0";"71585";"39780";"24218";"6002";"1131";"265";"106";"31";"52";"32105";"15524";"12010";"2973";"952";"323";"129";"74";"120";"77349";"33409";"27307";"7631";"3549";"1704";"978";"769";"2002"
"2004 - 1";"2623";"2112";"461";"29";"13";"2";"2";"2";"2";"32";"32";"0";"0";"0";"0";"0";"0";"0";"504";"497";"7";"0";"0";"0";"0";"0";"0";"904";"842";"61";"1";"0";"0";"0";"0";"0";"520";"455";"62";"3";"0";"0";"0";"0";"0";"125";"80";"38";"7";"0";"0";"0";"0";"0";"98";"33";"54";"2";"7";"1";"0";"1";"0";"440";"173";"239";"16";"6";"1";"2";"1";"2";"178620";"134312";"36301";"5340";"1495";"404";"246";"134";"388";"4748";"4623";"109";"16";"0";"0";"0";"0";"0";"30303";"27828";"2419";"56";"0";"0";"0";"0";"0";"63857";"52268";"11036";"506";"35";"10";"2";"0";"0";"39574";"28600";"9964";"885";"107";"10";"8";"0";"0";"16441";"9688";"4643";"1786";"232";"52";"18";"12";"10";"6878";"3601";"2313";"594";"238";"62";"19";"22";"29";"16819";"7704";"5817";"1497";"883";"270";"199";"100";"349"
"2004 - 2";"3320";"2594";"615";"57";"12";"1";"0";"29";"12";"188";"188";"0";"0";"0";"0";"0";"0";"0";"645";"632";"13";"0";"0";"0";"0";"0";"0";"1274";"1096";"178";"0";"0";"0";"0";"0";"0";"541";"392";"142";"5";"2";"0";"0";"0";"0";"195";"114";"62";"15";"3";"0";"0";"1";"0";"115";"36";"52";"25";"2";"0";"0";"0";"0";"362";"136";"168";"12";"5";"1";"0";"28";"12";"212468";"153800";"48628";"6442";"1673";"710";"353";"211";"651";"4643";"4531";"95";"17";"0";"0";"0";"0";"0";"36169";"32228";"3820";"121";"0";"0";"0";"0";"0";"76853";"60462";"15524";"793";"67";"7";"0";"0";"0";"47051";"33322";"12230";"1304";"160";"27";"8";"0";"0";"18696";"10511";"6323";"1441";"311";"57";"34";"3";"16";"8578";"4222";"3106";"803";"268";"75";"43";"29";"32";"20478";"8524";"7530";"1963";"867";"544";"268";"179";"603"
"2004 - 3";"3369";"2625";"628";"50";"5";"2";"47";"0";"12";"72";"72";"0";"0";"0";"0";"0";"0";"0";"647";"637";"10";"0";"0";"0";"0";"0";"0";"1190";"1056";"132";"2";"0";"0";"0";"0";"0";"764";"562";"173";"28";"1";"0";"0";"0";"0";"169";"93";"71";"5";"0";"0";"0";"0";"0";"106";"23";"71";"7";"4";"0";"0";"0";"1";"421";"182";"171";"8";"0";"2";"47";"0";"11";"190891";"136419";"44949";"6282";"1478";"600";"300";"333";"530";"3912";"3814";"92";"6";"0";"0";"0";"0";"0";"31458";"27868";"3507";"83";"0";"0";"0";"0";"0";"70178";"55082";"14290";"736";"58";"10";"2";"0";"0";"42343";"28811";"11933";"1382";"177";"30";"7";"3";"0";"16541";"9178";"5785";"1212";"247";"76";"17";"13";"13";"7588";"3568";"2805";"894";"174";"85";"25";"11";"26";"18871";"8098";"6537";"1969";"822";"399";"249";"306";"491"
"2004 - 4";"3519";"2596";"770";"58";"12";"21";"9";"8";"45";"70";"70";"0";"0";"0";"0";"0";"0";"0";"599";"580";"19";"0";"0";"0";"0";"0";"0";"1084";"917";"163";"4";"0";"0";"0";"0";"0";"911";"752";"154";"3";"2";"0";"0";"0";"0";"266";"57";"181";"27";"1";"0";"0";"0";"0";"111";"38";"65";"3";"4";"1";"0";"0";"0";"478";"182";"188";"21";"5";"20";"9";"8";"45";"219716";"149350";"59083";"7474";"1918";"731";"356";"199";"605";"4621";"4486";"131";"4";"0";"0";"0";"0";"0";"37347";"31733";"5505";"109";"0";"0";"0";"0";"0";"79179";"58607";"19596";"891";"66";"18";"1";"0";"0";"48420";"30905";"15175";"2023";"262";"41";"14";"0";"0";"19907";"10403";"7467";"1563";"341";"80";"37";"3";"13";"9061";"4133";"3786";"682";"272";"101";"42";"12";"33";"21181";"9083";"7423";"2202";"977";"491";"262";"184";"559"
"2005";"15108";"9904";"4660";"380";"81";"45";"13";"12";"13";"126";"126";"0";"0";"0";"0";"0";"0";"0";"2949";"2645";"303";"1";"0";"0";"0";"0";"0";"6407";"4850";"1510";"45";"0";"0";"2";"0";"0";"2697";"1474";"1127";"73";"20";"0";"1";"0";"2";"1050";"418";"513";"98";"12";"4";"3";"0";"2";"740";"158";"514";"35";"24";"5";"3";"1";"0";"1139";"233";"693";"128";"25";"36";"4";"11";"9";"843551";"511008";"272097";"42473";"9877";"3925";"1952";"1133";"1086";"10772";"10083";"638";"51";"0";"0";"0";"0";"0";"154753";"116963";"36832";"944";"0";"1";"0";"13";"0";"320812";"210379";"100671";"8881";"673";"156";"26";"5";"21";"189665";"108447";"66435";"12073";"2144";"427";"121";"5";"13";"76065";"34959";"29815";"7641";"2359";"727";"246";"165";"153";"35494";"12907";"15191";"4342";"1688";"692";"413";"186";"75";"55990";"17270";"22515";"8541";"3013";"1922";"1146";"759";"824"
"2005 - 1";"3389";"2202";"1099";"58";"14";"11";"1";"2";"2";"15";"15";"0";"0";"0";"0";"0";"0";"0";"590";"541";"49";"0";"0";"0";"0";"0";"0";"1379";"1062";"313";"4";"0";"0";"0";"0";"0";"599";"313";"272";"8";"4";"0";"0";"0";"2";"320";"156";"123";"36";"3";"1";"1";"0";"0";"230";"80";"141";"4";"2";"3";"0";"0";"0";"256";"35";"201";"6";"5";"7";"0";"2";"0";"186667";"119076";"56688";"7802";"1735";"698";"346";"193";"129";"2038";"1958";"79";"1";"0";"0";"0";"0";"0";"33564";"26679";"6758";"113";"0";"1";"0";"13";"0";"72358";"50054";"20901";"1277";"79";"28";"2";"2";"15";"42325";"25665";"14136";"2133";"302";"65";"17";"4";"3";"16697";"7897";"6470";"1712";"430";"123";"31";"19";"15";"8195";"3119";"3510";"937";"303";"166";"110";"36";"14";"11490";"3704";"4834";"1629";"621";"315";"186";"119";"82"
"2005 - 2";"4207";"2969";"1114";"87";"15";"12";"3";"3";"4";"60";"60";"0";"0";"0";"0";"0";"0";"0";"959";"870";"89";"0";"0";"0";"0";"0";"0";"1805";"1454";"339";"10";"0";"";"2";"0";"0";"641";"356";"267";"14";"3";"0";"1";"0";"0";"254";"91";"135";"23";"5";"0";"0";"0";"0";"158";"38";"104";"9";"6";"1";"0";"0";"0";"330";"100";"180";"31";"1";"11";"0";"3";"4";"218000";"136398";"66158";"10625";"2524";"1044";"486";"247";"518";"3592";"3324";"245";"23";"0";"0";"0";"0";"0";"40731";"31565";"8931";"235";"0";"0";"0";"0";"0";"81293";"54906";"24014";"2158";"174";"30";"8";"2";"1";"48264";"28431";"16121";"3063";"521";"97";"29";"0";"2";"19065";"9295";"6932";"1843";"617";"191";"74";"42";"71";"8741";"3349";"3616";"1071";"368";"181";"101";"35";"20";"16314";"5528";"6299";"2232";"844";"545";"274";"168";"424"
"2005 - 3";"3626";"2247";"1232";"99";"31";"5";"4";"6";"2";"22";"22";"0";"0";"0";"0";"0";"0";"0";"685";"612";"72";"1";"0";"0";"0";"0";"0";"1593";"1096";"484";"13";"0";"0";"0";"0";"0";"653";"351";"274";"24";"4";"0";"0";"0";"0";"217";"91";"108";"14";"3";"0";"1";"0";"0";"168";"20";"128";"10";"8";"0";"2";"0";"0";"288";"55";"166";"37";"16";"5";"1";"6";"2";"205247";"124128";"66186";"10456";"2474";"967";"506";"330";"200";"2370";"2233";"122";"15";"0";"0";"0";"0";"0";"37661";"28478";"8925";"258";"0";"0";"0";"0";"0";"78024";"51024";"24449";"2315";"185";"39";"8";"1";"3";"46311";"26429";"16081";"3059";"574";"129";"33";"1";"5";"18614";"8709";"7330";"1675";"587";"176";"50";"54";"33";"8707";"3124";"3810";"1054";"435";"152";"82";"29";"21";"13560";"4131";"5469";"2080";"693";"471";"333";"245";"138"
"2005 - 4";"3886";"2486";"1215";"136";"21";"17";"5";"1";"5";"29";"29";"0";"0";"0";"0";"0";"0";"0";"715";"622";"93";"0";"0";"0";"0";"0";"0";"1630";"1238";"374";"18";"0";"0";"0";"0";"0";"804";"454";"314";"27";"9";"0";"0";"0";"0";"259";"80";"147";"25";"1";"3";"1";"0";"2";"184";"20";"141";"12";"8";"1";"1";"1";"0";"265";"43";"146";"54";"3";"13";"3";"0";"3";"233637";"131406";"83065";"13590";"3144";"1216";"614";"363";"239";"2772";"2568";"192";"12";"0";"0";"0";"0";"0";"42797";"30241";"12218";"338";"0";"0";"0";"0";"0";"89137";"54395";"31307";"3131";"235";"59";"8";"0";"2";"52765";"27922";"20097";"3818";"747";"136";"42";"0";"3";"21689";"9058";"9083";"2411";"725";"237";"91";"50";"34";"9851";"3315";"4255";"1280";"582";"193";"120";"86";"20";"14626";"3907";"5913";"2600";"855";"591";"353";"227";"180"
"2006";"13697";"7420";"5270";"742";"154";"72";"21";"8";"10";"218";"218";"0";"0";"0";"0";"0";"0";"0";"2815";"2279";"533";"3";"0";"0";"0";"0";"0";"5173";"3286";"1771";"113";"1";"0";"0";"2";"0";"2332";"957";"1141";"209";"25";"0";"0";"0";"0";"984";"209";"627";"111";"29";"5";"2";"0";"1";"561";"73";"386";"67";"23";"11";"1";"0";"0";"1614";"398";"812";"239";"76";"56";"18";"6";"9";"907988";"476466";"337458";"64312";"16926";"6247";"3409";"2047";"1123";"21619";"17677";"3417";"525";"0";"0";"0";"0";"0";"164650";"110798";"51745";"2107";"0";"0";"0";"0";"0";"329220";"186690";"124430";"16067";"1694";"305";"30";"3";"1";"195085";"94788";"78493";"16849";"3981";"687";"285";"0";"2";"75545";"29383";"32177";"9108";"2952";"1128";"493";"213";"91";"35625";"11543";"15373";"4982";"2047";"837";"506";"216";"121";"86244";"25587";"31823";"14674";"6252";"3290";"2095";"1615";"908"
"2006 - 1";"3239";"1941";"1091";"150";"38";"15";"2";"0";"2";"63";"63";"0";"0";"0";"0";"0";"0";"0";"651";"573";"78";"0";"0";"0";"0";"0";"0";"1248";"830";"398";"20";"0";"0";"0";"0";"0";"561";"273";"235";"47";"6";"0";"0";"0";"0";"199";"68";"101";"19";"9";"1";"0";"0";"1";"148";"21";"110";"9";"7";"0";"1";"0";"0";"369";"113";"169";"55";"16";"14";"1";"0";"1";"222721";"122701";"79371";"14193";"3636";"1381";"745";"440";"254";"5249";"4370";"759";"120";"0";"0";"0";"0";"0";"42114";"29007";"12721";"386";"0";"0";"0";"0";"0";"81546";"48366";"29288";"3477";"352";"56";"6";"1";"0";"47171";"24181";"18091";"3924";"797";"128";"50";"0";"0";"18316";"7473";"7610";"2117";"729";"226";"111";"38";"12";"8360";"2872";"3570";"1050";"497";"184";"120";"47";"20";"19965";"6432";"7332";"3119";"1261";"787";"458";"354";"222"
"2006 - 2";"3597";"1941";"1360";"223";"42";"19";"7";"2";"3";"55";"55";"0";"0";"0";"0";"0";"0";"0";"747";"599";"145";"3";"0";"0";"0";"0";"0";"1388";"884";"456";"46";"0";"0";"0";"2";"0";"649";"234";"359";"52";"4";"0";"0";"0";"0";"240";"49";"146";"40";"4";"1";"0";"0";"0";"147";"17";"96";"21";"9";"4";"0";"0";"0";"371";"103";"158";"61";"25";"14";"7";"0";"3";"239622";"127447";"88037";"16529";"4327";"1663";"894";"459";"266";"5672";"4462";"1057";"153";"0";"0";"0";"0";"0";"44191";"29749";"13811";"631";"0";"0";"0";"0";"0";"87629";"50061";"32873";"4160";"453";"74";"5";"2";"1";"51088";"25514";"20095";"4178";"1032";"198";"69";"0";"2";"19916";"7928";"8443";"2361";"722";"286";"109";"44";"23";"9304";"2988";"4000";"1327";"534";"232";"149";"54";"20";"21822";"6745";"7758";"3719";"1586";"873";"562";"359";"220"
"2006 - 3";"3155";"1709";"1231";"161";"28";"19";"3";"2";"2";"51";"51";"0";"0";"0";"0";"0";"0";"0";"716";"558";"158";"0";"0";"0";"0";"0";"0";"1111";"709";"385";"17";"0";"0";"0";"0";"0";"551";"231";"258";"54";"8";"0";"0";"0";"0";"223";"41";"157";"15";"8";"2";"0";"0";"0";"110";"22";"69";"11";"3";"5";"0";"0";"0";"393";"97";"204";"64";"9";"12";"3";"2";"2";"210190";"109470";"78942";"15050";"3910";"1368";"757";"480";"213";"4933";"4081";"727";"125";"0";"0";"0";"0";"0";"37113";"25070";"11541";"502";"0";"0";"0";"0";"0";"76392";"43282";"28975";"3718";"353";"58";"6";"0";"0";"45255";"21496";"18705";"3871";"935";"158";"90";"0";"0";"17956";"6938";"7655";"2214";"702";"259";"104";"68";"16";"8638";"2814";"3842";"1167";"453";"193";"96";"49";"24";"19903";"5789";"7497";"3453";"1467";"700";"461";"363";"173"
"2006 - 4";"3706";"1829";"1588";"208";"46";"19";"9";"4";"3";"49";"49";"0";"0";"0";"0";"0";"0";"0";"701";"549";"152";"0";"0";"0";"0";"0";"0";"1426";"863";"532";"30";"1";"0";"0";"0";"0";"571";"219";"289";"56";"7";"0";"0";"0";"0";"322";"51";"223";"37";"8";"1";"2";"0";"0";"156";"13";"111";"26";"4";"2";"0";"0";"0";"481";"85";"281";"59";"26";"16";"7";"4";"3";"235455";"116848";"91108";"18540";"5053";"1835";"1013";"668";"390";"5765";"4764";"874";"127";"0";"0";"0";"0";"0";"41232";"26972";"13672";"588";"0";"0";"0";"0";"0";"83653";"44981";"33294";"4712";"536";"117";"13";"0";"0";"51571";"23597";"21602";"4876";"1217";"203";"76";"0";"0";"19357";"7044";"8469";"2416";"799";"357";"169";"63";"40";"9323";"2869";"3961";"1438";"563";"228";"141";"66";"57";"24554";"6621";"9236";"4383";"1938";"930";"614";"539";"293"
"2007";"12311";"5575";"5782";"748";"130";"33";"26";"10";"7";"79";"79";"0";"0";"0";"0";"0";"0";"0";"2456";"1932";"524";"0";"0";"0";"0";"0";"0";"5169";"2754";"2309";"104";"0";"0";"0";"0";"2";"2207";"551";"1451";"173";"31";"0";"0";"0";"1";"875";"104";"629";"86";"38";"10";"1";"5";"2";"588";"49";"422";"76";"18";"14";"6";"3";"0";"937";"106";"447";"309";"43";"9";"19";"2";"2";"761984";"360028";"312097";"61661";"16823";"5607";"3069";"1683";"1016";"7862";"7269";"559";"34";"0";"0";"0";"0";"0";"133545";"89887";"41812";"1846";"0";"0";"0";"0";"0";"283246";"147971";"117763";"15208";"1803";"437";"41";"5";"18";"177004";"72124";"82478";"17398";"4002";"735";"261";"0";"6";"71193";"22643";"33617";"9680";"3146";"1094";"560";"327";"126";"34288";"8891";"14817";"5966";"2509";"1048";"558";"343";"156";"54846";"11243";"21051";"11529";"5363";"2293";"1649";"1008";"710"
"2007 - 1";"3192";"1380";"1605";"166";"25";"7";"5";"3";"1";"18";"18";"0";"0";"0";"0";"0";"0";"0";"604";"474";"130";"0";"0";"0";"0";"0";"0";"1343";"707";"614";"21";"0";"0";"0";"0";"1";"575";"125";"381";"64";"5";"0";"0";"0";"0";"227";"20";"174";"17";"7";"6";"0";"3";"0";"170";"16";"137";"9";"2";"1";"5";"0";"0";"255";"20";"169";"55";"11";"0";"0";"0";"0";"211799";"101322";"87007";"16340";"4167";"1501";"758";"434";"270";"2116";"1952";"161";"3";"0";"0";"0";"0";"0";"38543";"25498";"12592";"453";"0";"0";"0";"0";"0";"80516";"42373";"33489";"4152";"397";"85";"6";"3";"11";"48084";"20100";"22210";"4518";"1001";"180";"72";"0";"3";"19008";"6089";"9129";"2534";"741";"308";"118";"63";"26";"8972";"2374";"3945";"1592";"615";"220";"126";"67";"33";"14560";"2936";"5481";"3088";"1413";"708";"436";"301";"197"
"2007 - 2";"3578";"1549";"1793";"188";"33";"2";"10";"2";"1";"30";"30";"0";"0";"0";"0";"0";"0";"0";"725";"578";"147";"0";"0";"0";"0";"0";"0";"1469";"734";"702";"33";"0";"0";"0";"0";"0";"680";"138";"498";"36";"8";"0";"0";"0";"0";"253";"20";"193";"24";"13";"1";"0";"1";"1";"159";"11";"126";"15";"4";"1";"1";"1";"0";"262";"38";"127";"80";"8";"0";"9";"0";"0";"210241";"97175";"87165";"17787";"4947";"1553";"885";"439";"290";"2229";"2070";"156";"3";"0";"0";"0";"0";"0";"37212";"24793";"11902";"517";"0";"0";"0";"0";"0";"77768";"39769";"33113";"4289";"481";"102";"13";"1";"0";"48677";"19303";"22781";"5189";"1169";"179";"56";"0";"0";"19582";"6037";"9322";"2686";"980";"292";"157";"78";"30";"9465";"2249";"4064";"1789";"731";"336";"182";"64";"50";"15308";"2954";"5827";"3314";"1586";"644";"477";"296";"210"
"2007 - 3";"2850";"1478";"1116";"201";"35";"10";"4";"3";"3";"17";"17";"0";"0";"0";"0";"0";"0";"0";"653";"524";"129";"0";"0";"0";"0";"0";"0";"1209";"723";"459";"27";"0";"0";"0";"0";"0";"486";"144";"289";"44";"9";"0";"0";"0";"0";"168";"36";"102";"19";"9";"1";"0";"0";"1";"103";"10";"68";"18";"1";"5";"0";"1";"0";"214";"24";"69";"93";"16";"4";"4";"2";"2";"171880";"82071";"69468";"13927";"3802";"1324";"680";"379";"229";"1747";"1568";"157";"22";"0";"0";"0";"0";"0";"29570";"20339";"8805";"426";"0";"0";"0";"0";"0";"63146";"33509";"25582";"3504";"457";"77";"11";"1";"5";"40748";"16805";"19019";"3758";"909";"191";"64";"0";"2";"15972";"5098";"7498";"2174";"669";"279";"134";"89";"31";"7889";"2109";"3403";"1291";"585";"264";"132";"68";"37";"12808";"2643";"5004";"2752";"1182";"513";"339";"221";"154"
"2007 - 4";"2691";"1168";"1268";"193";"37";"14";"7";"2";"2";"14";"14";"0";"0";"0";"0";"0";"0";"0";"474";"356";"118";"0";"0";"0";"0";"0";"0";"1148";"590";"534";"23";"0";"0";"0";"0";"1";"466";"144";"283";"29";"9";"0";"0";"0";"1";"227";"28";"160";"26";"9";"2";"1";"1";"0";"156";"12";"91";"34";"11";"7";"0";"1";"0";"206";"24";"82";"81";"8";"5";"6";"0";"0";"168064";"79460";"68457";"13607";"3907";"1229";"746";"431";"227";"1770";"1679";"85";"6";"0";"0";"0";"0";"0";"28220";"19257";"8513";"450";"0";"0";"0";"0";"0";"61816";"32320";"25579";"3263";"468";"173";"11";"0";"2";"39495";"15916";"18468";"3933";"923";"185";"69";"0";"1";"16631";"5419";"7668";"2286";"756";"215";"151";"97";"39";"7962";"2159";"3405";"1294";"578";"228";"118";"144";"36";"12170";"2710";"4739";"2375";"1182";"428";"397";"190";"149"
"2008";"9395";"3915";"4627";"693";"95";"29";"21";"8";"7";"27";"27";"0";"0";"0";"0";"0";"0";"0";"1804";"1267";"537";"0";"0";"0";"0";"0";"0";"3837";"1974";"1729";"124";"2";"6";"0";"1";"1";"1586";"429";"1038";"110";"9";"0";"0";"0";"0";"859";"110";"627";"82";"24";"6";"7";"0";"3";"494";"32";"349";"71";"21";"10";"10";"1";"0";"788";"76";"347";"306";"39";"7";"4";"6";"3";"509880";"240653";"209070";"41150";"10880";"3891";"2265";"1243";"728";"5283";"4921";"342";"20";"0";"0";"0";"0";"0";"87797";"60853";"25632";"1310";"0";"0";"0";"0";"2";"186181";"98393";"76687";"9812";"1008";"216";"38";"8";"19";"119040";"47685";"56486";"11782";"2475";"452";"154";"3";"3";"48592";"14966";"23258";"6327";"2456";"853";"375";"245";"112";"24327";"6326";"11058";"3916";"1470";"683";"506";"234";"134";"38660";"7509";"15607";"7983";"3471";"1687";"1192";"753";"458"
"2008 - 1";"2545";"1032";"1298";"165";"22";"12";"7";"6";"3";"8";"8";"0";"0";"0";"0";"0";"0";"0";"408";"297";"111";"0";"0";"0";"0";"0";"0";"1096";"526";"546";"18";"0";"6";"0";"0";"0";"474";"156";"289";"27";"2";"0";"0";"0";"0";"239";"28";"181";"20";"4";"1";"2";"0";"3";"121";"3";"74";"28";"8";"4";"3";"1";"0";"199";"14";"97";"72";"8";"1";"2";"5";"0";"145669";"68150";"60286";"11801";"3130";"1092";"633";"369";"208";"1583";"1456";"117";"10";"0";"0";"0";"0";"0";"24906";"16994";"7537";"375";"0";"0";"0";"0";"0";"53358";"27241";"22785";"2919";"299";"81";"19";"0";"14";"34151";"14025";"16027";"3223";"722";"112";"40";"1";"1";"13902";"4261";"6540";"1916";"742";"242";"115";"58";"28";"6897";"1874";"3028";"1199";"358";"207";"137";"74";"20";"10872";"2299";"4252";"2159";"1009";"450";"322";"236";"145"
"2008 - 2";"2711";"1143";"1333";"191";"25";"11";"5";"1";"2";"9";"9";"0";"0";"0";"0";"0";"0";"0";"500";"331";"169";"0";"0";"0";"0";"0";"0";"1229";"642";"521";"64";"1";"0";"0";"1";"0";"493";"109";"334";"46";"4";"0";"0";"0";"0";"215";"26";"163";"14";"5";"3";"4";"0";"0";"109";"6";"76";"19";"2";"5";"1";"0";"0";"156";"20";"70";"48";"13";"3";"0";"0";"2";"141922";"66131";"59301";"11244";"2935";"1190";"620";"319";"182";"1534";"1431";"97";"6";"0";"0";"0";"0";"0";"24874";"16782";"7712";"380";"0";"0";"0";"0";"0";"52313";"27217";"21774";"2960";"306";"46";"5";"4";"1";"32866";"13062";"15833";"3080";"708";"142";"38";"1";"2";"13449";"4090";"6657";"1663";"649";"234";"85";"46";"25";"6565";"1625";"3092";"1026";"404";"184";"148";"34";"52";"10321";"1924";"4136";"2129";"868";"584";"344";"234";"102"
"2008 - 3";"2162";"887";"1053";"195";"17";"2";"7";"0";"1";"4";"4";"0";"0";"0";"0";"0";"0";"0";"452";"289";"163";"0";"0";"0";"0";"0";"0";"801";"431";"345";"25";"0";"0";"0";"0";"0";"357";"94";"235";"27";"1";"0";"0";"0";"0";"209";"34";"127";"36";"11";"0";"1";"0";"0";"117";"15";"84";"12";"1";"0";"5";"0";"0";"222";"20";"99";"95";"4";"2";"1";"0";"1";"111657";"53795";"44995";"8698";"2518";"784";"483";"224";"160";"1086";"1017";"67";"2";"0";"0";"0";"0";"0";"19437";"13887";"5204";"345";"0";"0";"0";"0";"1";"40226";"21767";"16221";"1982";"208";"44";"3";"1";"0";"25982";"10613";"12270";"2429";"557";"80";"33";"0";"0";"10554";"3309";"4985";"1345";"587";"180";"70";"48";"30";"5584";"1476";"2582";"842";"371";"126";"103";"54";"30";"8788";"1726";"3666";"1753";"795";"354";"274";"121";"99"
"2008 - 4";"1977";"853";"943";"142";"31";"4";"2";"1";"1";"6";"6";"0";"0";"0";"0";"0";"0";"0";"444";"350";"94";"0";"0";"0";"0";"0";"0";"711";"375";"317";"17";"1";"0";"0";"0";"1";"262";"70";"180";"10";"2";"0";"0";"0";"0";"196";"22";"156";"12";"4";"2";"0";"0";"0";"147";"8";"115";"12";"10";"1";"1";"0";"0";"211";"22";"81";"91";"14";"1";"1";"1";"0";"110632";"52577";"44488";"9407";"2297";"825";"529";"331";"178";"1080";"1017";"61";"2";"0";"0";"0";"0";"0";"18580";"13190";"5179";"210";"0";"0";"0";"0";"1";"40284";"22168";"15907";"1951";"195";"45";"11";"3";"4";"26041";"9985";"12356";"3050";"488";"118";"43";"1";"0";"10687";"3306";"5076";"1403";"478";"197";"105";"93";"29";"5281";"1351";"2356";"849";"337";"166";"118";"72";"32";"8679";"1560";"3553";"1942";"799";"299";"252";"162";"112"
"2009";"3298";"1581";"1437";"225";"35";"14";"2";"3";"1";"23";"23";"0";"0";"0";"0";"0";"0";"0";"675";"514";"161";"0";"0";"0";"0";"0";"0";"1472";"839";"584";"48";"0";"0";"0";"0";"1";"474";"137";"279";"46";"12";"0";"0";"0";"0";"258";"41";"178";"19";"8";"11";"0";"1";"0";"142";"7";"107";"20";"5";"1";"0";"2";"0";"254";"20";"128";"92";"10";"2";"2";"0";"0";"193763";"96325";"77524";"13654";"3637";"1222";"662";"391";"348";"1896";"1801";"91";"4";"0";"0";"0";"0";"0";"32473";"24137";"8060";"275";"0";"0";"0";"0";"1";"72811";"40692";"28986";"2804";"239";"57";"23";"2";"8";"43937";"18535";"20732";"3722";"765";"151";"30";"1";"1";"18439";"5882";"9001";"2283";"805";"226";"110";"52";"80";"9274";"2402";"4310";"1464";"578";"222";"140";"94";"64";"14933";"2876";"6344";"3102";"1250";"566";"359";"242";"194"
"2009 - 1";"1634";"773";"702";"122";"25";"10";"0";"2";"0";"12";"12";"0";"0";"0";"0";"0";"0";"0";"286";"227";"59";"0";"0";"0";"0";"0";"0";"714";"426";"258";"30";"0";"0";"0";"0";"0";"267";"68";"166";"24";"9";"0";"0";"0";"0";"137";"25";"89";"9";"5";"9";"0";"0";"0";"70";"1";"48";"14";"4";"1";"0";"2";"0";"148";"14";"82";"45";"7";"0";"0";"0";"0";"93095";"46189";"37079";"6628";"1870";"612";"336";"220";"161";"905";"865";"40";"0";"0";"0";"0";"0";"0";"15455";"11366";"3950";"138";"0";"0";"0";"0";"1";"34857";"19585";"13717";"1362";"141";"31";"16";"1";"4";"21468";"9044";"10077";"1833";"391";"108";"14";"0";"1";"9003";"2895";"4296";"1100";"468";"129";"56";"36";"23";"4328";"1069";"2032";"703";"266";"93";"75";"57";"33";"7079";"1365";"2967";"1492";"604";"251";"175";"126";"99"
"2009 - 2";"1664";"808";"735";"103";"10";"4";"2";"1";"1";"11";"11";"0";"0";"0";"0";"0";"0";"0";"389";"287";"102";"0";"0";"0";"0";"0";"0";"758";"413";"326";"18";"0";"0";"0";"0";"1";"207";"69";"113";"22";"3";"0";"0";"0";"0";"121";"16";"89";"10";"3";"2";"0";"1";"0";"72";"6";"59";"6";"1";"0";"0";"0";"0";"106";"6";"46";"47";"3";"2";"2";"0";"0";"100668";"50136";"40445";"7026";"1767";"610";"326";"171";"187";"991";"936";"51";"4";"0";"0";"0";"0";"0";"17018";"12771";"4110";"137";"0";"0";"0";"0";"0";"37954";"21107";"15269";"1442";"98";"26";"7";"1";"4";"22469";"9491";"10655";"1889";"374";"43";"16";"1";"0";"9436";"2987";"4705";"1183";"337";"97";"54";"16";"57";"4946";"1333";"2278";"761";"312";"129";"65";"37";"31";"7854";"1511";"3377";"1610";"646";"315";"184";"116";"95"
"2009 - 3";"";"";"";"";"";"";"";"";"";"";"";"";"";"";"";"";"";"";"";"";"";"";"";"";"";"";"";"";"";"";"";"";"";"";"";"";"";"";"";"";"";"";"";"";"";"";"";"";"";"";"";"";"";"";"";"";"";"";"";"";"";"";"";"";"";"";"";"";"";"";"";"";"";"";"";"";"";"";"";"";"";"";"";"";"";"";"";"";"";"";"";"";"";"";"";"";"";"";"";"";"";"";"";"";"";"";"";"";"";"";"";"";"";"";"";"";"";"";"";"";"";"";"";"";"";"";"";"";"";"";"";"";"";"";"";"";"";"";"";"";"";"";"";""
"2009 - 4";"";"";"";"";"";"";"";"";"";"";"";"";"";"";"";"";"";"";"";"";"";"";"";"";"";"";"";"";"";"";"";"";"";"";"";"";"";"";"";"";"";"";"";"";"";"";"";"";"";"";"";"";"";"";"";"";"";"";"";"";"";"";"";"";"";"";"";"";"";"";"";"";"";"";"";"";"";"";"";"";"";"";"";"";"";"";"";"";"";"";"";"";"";"";"";"";"";"";"";"";"";"";"";"";"";"";"";"";"";"";"";"";"";"";"";"";"";"";"";"";"";"";"";"";"";"";"";"";"";"";"";"";"";"";"";"";"";"";"";"";"";"";"";""
"2010";"7742";"3542";"3611";"470";"85";"19";"10";"4";"1";"26";"26";"0";"0";"0";"0";"0";"0";"0";"1467";"1166";"300";"1";"0";"0";"0";"0";"0";"3099";"1631";"1403";"62";"0";"0";"3";"0";"0";"1366";"421";"828";"102";"15";"0";"0";"0";"0";"684";"176";"422";"65";"12";"2";"4";"2";"1";"432";"52";"301";"47";"27";"3";"2";"0";"0";"668";"70";"357";"193";"31";"14";"1";"2";"0";"444388";"219920";"174862";"34322";"8853";"3224";"1759";"848";"600";"4660";"4253";"310";"97";"0";"0";"0";"0";"0";"67347";"51087";"15540";"718";"0";"1";"1";"0";"0";"161120";"92911";"60960";"6442";"648";"114";"30";"4";"11";"105383";"44173";"48931";"9988";"1832";"311";"138";"6";"4";"46253";"14699";"22647";"6016";"1914";"593";"197";"96";"91";"22920";"6092";"11036";"3236";"1357";"677";"273";"150";"99";"36705";"6705";"15438";"7825";"3102";"1528";"1120";"592";"395"
"2010 - 1";"1663";"849";"703";"90";"13";"5";"3";"0";"0";"7";"7";"0";"0";"0";"0";"0";"0";"0";"409";"363";"46";"0";"0";"0";"0";"0";"0";"607";"343";"255";"9";"0";"0";"0";"0";"0";"263";"80";"164";"16";"3";"0";"0";"0";"0";"138";"35";"79";"17";"4";"0";"3";"0";"0";"86";"8";"74";"3";"1";"0";"0";"0";"0";"153";"13";"85";"45";"5";"5";"0";"0";"0";"96716";"48090";"38113";"7151";"1873";"747";"451";"177";"114";"1029";"982";"43";"4";"0";"0";"0";"0";"0";"15242";"11500";"3607";"134";"0";"0";"1";"0";"0";"34924";"19977";"13406";"1366";"143";"21";"8";"1";"2";"22853";"9686";"10487";"2130";"423";"62";"63";"1";"1";"9905";"3096";"4909";"1247";"422";"143";"52";"24";"12";"4980";"1363";"2408";"670";"260";"153";"70";"39";"17";"7783";"1486";"3253";"1600";"625";"368";"257";"112";"82"
"2010 - 2";"2661";"1069";"1355";"182";"45";"7";"1";"2";"0";"6";"6";"0";"0";"0";"0";"0";"0";"0";"448";"330";"117";"1";"0";"0";"0";"0";"0";"1121";"528";"560";"32";"0";"0";"1";"0";"0";"477";"126";"295";"47";"9";"0";"0";"0";"0";"227";"42";"159";"20";"3";"1";"0";"2";"0";"144";"17";"97";"12";"16";"2";"0";"0";"0";"238";"20";"127";"70";"17";"4";"0";"0";"0";"138019";"65113";"55992";"11706";"3041";"1083";"592";"281";"211";"1484";"1384";"86";"14";"0";"0";"0";"0";"0";"20631";"15276";"5085";"269";"0";"1";"0";"0";"0";"50787";"28345";"19774";"2377";"239";"35";"15";"2";"";"32398";"12700";"15427";"3445";"660";"125";"38";"1";"2";"14102";"4026";"7078";"2007";"673";"198";"69";"37";"14";"6942";"1561";"3516";"1045";"457";"208";"80";"34";"41";"11675";"1821";"5026";"2549";"1012";"516";"390";"207";"154"
"2010 - 3";"1141";"576";"492";"59";"6";"3";"3";"1";"1";"5";"5";"0";"0";"0";"0";"0";"0";"0";"208";"169";"39";"0";"0";"0";"0";"0";"0";"474";"283";"182";"7";"0";"0";"2";"0";"0";"194";"61";"124";"9";"0";"0";"0";"0";"0";"112";"38";"64";"8";"0";"0";"1";"0";"1";"56";"8";"35";"7";"6";"0";"0";"0";"0";"92";"12";"48";"28";"0";"3";"0";"1";"0";"73948";"40040";"26728";"4952";"1323";"450";"223";"133";"99";"870";"785";"63";"22";"0";"0";"0";"0";"0";"12114";"9610";"2407";"97";"0";"0";"0";"0";"0";"26515";"16448";"9054";"910";"82";"11";"2";"1";"7";"17033";"7816";"7464";"1449";"256";"41";"6";"0";"1";"7486";"2760";"3545";"792";"270";"70";"31";"9";"9";"3893";"1276";"1714";"516";"207";"103";"37";"22";"18";"6037";"1345";"2481";"1166";"508";"225";"147";"101";"64"
"2010 - 4";"2277";"1048";"1061";"139";"21";"4";"3";"1";"0";"8";"8";"0";"0";"0";"0";"0";"0";"0";"402";"304";"98";"0";"0";"0";"0";"0";"0";"897";"477";"406";"14";"0";"0";"0";"0";"0";"432";"154";"245";"30";"3";"0";"0";"0";"0";"207";"61";"120";"20";"5";"1";"0";"0";"0";"146";"19";"95";"25";"4";"1";"2";"0";"0";"185";"25";"97";"50";"9";"2";"1";"1";"0";"135705";"66677";"54029";"10513";"2616";"944";"493";"257";"176";"1277";"1102";"118";"57";"0";"0";"0";"0";"0";"19360";"14701";"4441";"218";"0";"0";"0";"0";"0";"48894";"28141";"18726";"1789";"184";"47";"5";"0";"2";"33099";"13971";"15553";"2964";"493";"83";"31";"4";"0";"14760";"4817";"7115";"1970";"549";"182";"45";"26";"56";"7105";"1892";"3398";"1005";"433";"213";"86";"55";"23";"11210";"2053";"4678";"2510";"957";"419";"326";"172";"95"
"2011";"4897";"2520";"2078";"232";"43";"11";"7";"2";"4";"20";"20";"0";"0";"0";"0";"0";"0";"0";"767";"686";"81";"0";"0";"0";"0";"0";"0";"1960";"1205";"733";"16";"0";"3";"0";"2";"1";"1005";"359";"546";"90";"9";"1";"0";"0";"0";"385";"129";"215";"31";"2";"4";"1";"0";"3";"309";"56";"229";"15";"6";"2";"1";"0";"0";"451";"65";"274";"80";"26";"1";"5";"0";"0";"309138";"182698";"98370";"18184";"5201";"2165";"1284";"726";"510";"3960";"3776";"149";"35";"0";"0";"0";"0";"0";"50248";"42222";"7675";"348";"0";"2";"0";"1";"0";"111514";"75172";"32923";"2906";"387";"103";"13";"5";"5";"70259";"36610";"27280";"5173";"878";"216";"92";"6";"4";"31463";"13194";"13205";"3253";"1059";"385";"156";"131";"80";"16444";"5413";"7151";"2165";"850";"448";"192";"113";"112";"25250";"6311";"9987";"4304";"2027";"1011";"831";"470";"309"
"2011 - 1";"1022";"476";"470";"58";"10";"5";"2";"0";"1";"4";"4";"0";"0";"0";"0";"0";"0";"0";"160";"141";"19";"0";"0";"0";"0";"0";"0";"372";"193";"171";"4";"0";"3";"0";"0";"1";"181";"77";"67";"34";"2";"1";"0";"0";"0";"74";"29";"42";"3";"0";"0";"0";"0";"0";"63";"9";"47";"3";"3";"1";"0";"0";"0";"168";"23";"124";"14";"5";"0";"2";"0";"0";"66780";"39446";"21459";"3802";"1117";"467";"248";"132";"109";"809";"768";"29";"12";"0";"0";"0";"0";"0";"11182";"9441";"1657";"84";"0";"0";"0";"0";"0";"24560";"16552";"7164";"649";"160";"26";"3";"2";"4";"15177";"7818";"5984";"1104";"202";"55";"13";"1";"0";"6469";"2522";"2927";"644";"218";"87";"48";"10";"13";"3424";"1016";"1568";"473";"152";"113";"51";"19";"32";"5159";"1329";"2130";"836";"385";"186";"133";"100";"60"
"2011 - 2";"1395";"734";"588";"61";"6";"4";"";"2";"";"4";"4";"";"";"";"";"";"";"";"264";"237";"27";"";"";"";"";"";"";"528";"311";"206";"9";"";"";"";"2";"";"320";"110";"200";"10";"";"";"";"";"";"114";"34";"55";"21";"1";"3";"";"";"";"96";"25";"64";"4";"2";"1";"";"";"";"69";"13";"36";"17";"3";"";"";"";"";"79814";"46183";"25897";"4828";"1518";"593";"448";"222";"125";"953";"913";"36";"4";"";"";"";"";"";"13414";"11283";"2024";"107";"";"";"";"";"";"28597";"18917";"8802";"780";"68";"27";"";"3";"";"17854";"9063";"7149";"1342";"238";"42";"18";"2";"";"7957";"3101";"3464";"836";"321";"134";"55";"35";"11";"4313";"1390";"1914";"546";"281";"102";"49";"17";"14";"6726";"1516";"2508";"1213";"610";"288";"326";"165";"100"
"2011 - 3";"1011";"531";"422";"45";"11";"";"2";"";"";"5";"5";"";"";"";"";"";"";"";"169";"151";"18";"";"";"";"";"";"";"451";"265";"185";"1";"";"";"";"";"";"163";"64";"82";"14";"3";"";"";"";"";"67";"30";"32";"5";"";"";"";"";"";"80";"7";"66";"6";"";"";"1";"";"";"76";"9";"39";"19";"8";"";"1";"";"";"68729";"40876";"21487";"4241";"1122";"456";"240";"181";"126";"905";"860";"38";"7";"";"";"";"";"";"10909";"9303";"1528";"76";"";"2";"";"";"";"24539";"16723";"7122";"604";"70";"19";"1";"";"";"15824";"8316";"5898";"1298";"225";"57";"26";"2";"2";"7116";"2963";"3036";"744";"218";"60";"19";"39";"37";"3695";"1266";"1533";"521";"161";"97";"50";"34";"33";"5741";"1445";"2332";"991";"448";"221";"144";"106";"54"
"2011 - 4";"1469";"779";"598";"68";"16";"2";"3";"";"3";"7";"7";"";"";"";"";"";"";"";"174";"157";"17";"";"";"";"";"";"";"609";"436";"171";"2";"";"";"";"";"";"341";"108";"197";"32";"4";"";"";"";"";"130";"36";"86";"2";"1";"1";"1";"";"3";"70";"15";"52";"2";"1";"";"";"";"";"138";"20";"75";"30";"10";"1";"2";"";"";"93815";"56193";"29527";"5313";"1444";"649";"348";"191";"150";"1293";"1235";"46";"12";"";"";"";"";"";"14743";"12195";"2466";"81";"";"";"";"1";"";"33818";"22980";"9835";"873";"89";"31";"9";"";"1";"21404";"11413";"8249";"1429";"213";"62";"35";"1";"2";"9921";"4608";"3778";"1029";"302";"104";"34";"47";"19";"5012";"1741";"2136";"625";"256";"136";"42";"43";"33";"7624";"2021";"3017";"1264";"584";"316";"228";"99";"95"
"2012";"4277";"2628";"1424";"168";"31";"11";"13";"2";"";"17";"17";"";"";"";"";"";"";"";"675";"634";"41";"";"";"";"";"";"";"1546";"1208";"326";"10";"1";"";"";"1";"";"886";"471";"385";"26";"3";"";"1";"";"";"491";"162";"297";"24";"8";"";"";"";"";"229";"71";"124";"30";"1";"3";"";"";"";"433";"65";"251";"78";"18";"8";"12";"1";"";"327342";"222638";"81416";"14645";"4464";"1904";"1079";"667";"529";"4313";"4079";"205";"29";"";"";"";"";"";"49632";"45061";"4342";"210";"";"";"";"10";"9";"116420";"91627";"22832";"1679";"213";"48";"5";"10";"6";"75073";"47806";"22917";"3503";"601";"165";"60";"19";"2";"35617";"18355";"12762";"3118";"839";"258";"143";"55";"87";"18881";"7747";"7449";"1981";"861";"407";"198";"128";"110";"27406";"7963";"10909";"4125";"1950";"1026";"673";"445";"315"
"2012 - 1";"702";"428";"230";"38";"2";"";"3";"1";"";"4";"4";"";"";"";"";"";"";"";"115";"100";"15";"";"";"";"";"";"";"242";"198";"41";"3";"";"";"";"";"";"158";"83";"70";"5";"";"";"";"";"";"78";"24";"50";"2";"2";"";"";"";"";"42";"9";"19";"14";"";"";"";"";"";"63";"10";"35";"14";"";"";"3";"1";"";"63372";"42414";"16394";"2804";"895";"384";"215";"173";"93";"983";"951";"30";"2";"";"";"";"";"";"10280";"9132";"1098";"40";"";"";"";"10";"";"22422";"17276";"4762";"340";"22";"14";"";"6";"2";"14269";"8854";"4503";"716";"140";"32";"13";"11";"";"6714";"3290";"2552";"583";"166";"56";"36";"7";"24";"3540";"1460";"1365";"340";"177";"97";"28";"61";"12";"5164";"1451";"2084";"783";"390";"185";"138";"78";"55"
"2012 - 2";"949";"603";"286";"37";"10";"6";"7";"";"";"5";"5";"";"";"";"";"";"";"";"159";"154";"5";"";"";"";"";"";"";"338";"264";"73";"1";"";"";"";"";"";"182";"110";"64";"7";"1";"";"";"";"";"107";"39";"59";"7";"2";"";"";"";"";"43";"16";"22";"4";"";"1";"";"";"";"115";"15";"63";"18";"7";"5";"7";"";"";"76583";"51803";"19079";"3550";"1102";"435";"302";"149";"163";"908";"881";"25";"2";"";"";"";"";"";"11843";"10725";"1069";"40";"";"";"";"";"9";"27432";"21352";"5587";"424";"59";"5";"3";"2";"";"17242";"10941";"5240";"854";"147";"36";"17";"6";"1";"8111";"4139";"2908";"702";"246";"52";"26";"12";"26";"4395";"1776";"1643";"521";"217";"100";"59";"15";"64";"6652";"1989";"2607";"1007";"433";"242";"197";"114";"63"
"2012 - 3";"1084";"590";"438";"45";"5";"3";"2";"1";"";"3";"3";"";"";"";"";"";"";"";"181";"174";"7";"";"";"";"";"";"";"346";"255";"86";"4";"";"";"";"1";"";"206";"87";"116";"3";"";"";"";"";"";"178";"40";"134";"3";"1";"";"";"";"";"70";"12";"52";"5";"1";"";"";"";"";"100";"19";"43";"30";"3";"3";"2";"";"";"68204";"47235";"16191";"3071";"868";"414";"210";"110";"105";"890";"842";"46";"2";"";"";"";"";"";"10663";"9813";"791";"59";"";"";"";"";"";"24300";"19356";"4553";"332";"42";"15";"";"1";"1";"15566";"9976";"4702";"724";"117";"38";"8";"1";"";"7348";"3902";"2485";"647";"158";"80";"29";"15";"32";"3789";"1610";"1435";"423";"137";"98";"58";"19";"9";"5648";"1736";"2179";"884";"414";"183";"115";"74";"63"
"2012 - 4";"1542";"1007";"470";"48";"14";"2";"1";"";"";"5";"5";"";"";"";"";"";"";"";"220";"206";"14";"";"";"";"";"";"";"620";"491";"126";"2";"1";"";"";"";"";"340";"191";"135";"11";"2";"";"1";"";"";"128";"59";"54";"12";"3";"";"";"";"";"74";"34";"31";"7";"";"2";"";"";"";"155";"21";"110";"16";"8";"";"";"";"";"119183";"81186";"29752";"5220";"1599";"671";"352";"235";"168";"1532";"1405";"104";"23";"";"";"";"";"";"16846";"15391";"1384";"71";"";"";"";"";"";"42266";"33643";"7930";"583";"90";"14";"2";"1";"3";"27996";"18035";"8472";"1209";"197";"59";"22";"1";"1";"13444";"7024";"4817";"1186";"269";"70";"52";"21";"5";"7157";"2901";"3006";"697";"330";"112";"53";"33";"25";"9942";"2787";"4039";"1451";"713";"416";"223";"179";"134"
"2013";"2978";"2099";"723";"101";"32";"11";"9";"2";"1";"26";"26";"";"";"";"";"";"";"";"577";"561";"16";"";"";"";"";"";"";"1028";"882";"144";"2";"";"";"";"";"";"582";"388";"175";"13";"6";"";"";"";"";"220";"134";"71";"9";"3";"1";"2";"";"";"196";"52";"118";"16";"5";"3";"1";"1";"";"349";"56";"199";"61";"18";"7";"6";"1";"1";"285304";"210063";"56952";"10770";"3659";"1862";"1020";"596";"382";"4341";"4213";"109";"19";"";"";"";"";"";"49111";"46296";"2671";"144";"";"";"";"";"";"98107";"82167";"14541";"1142";"158";"61";"12";"20";"6";"62406";"44296";"15190";"2308";"480";"77";"48";"3";"4";"31373";"17653";"10102";"2295";"634";"399";"124";"108";"58";"15998";"7305";"5713";"1667";"717";"325";"176";"53";"42";"23968";"8133";"8626";"3195";"1670";"1000";"660";"412";"272"
"2013 - 1";"467";"348";"99";"14";"4";"2";"";"";"";"8";"8";"";"";"";"";"";"";"";"91";"88";"3";"";"";"";"";"";"";"184";"158";"24";"2";"";"";"";"";"";"94";"58";"33";"";"3";"";"";"";"";"31";"21";"9";"";"1";"";"";"";"";"21";"8";"11";"";"";"2";"";"";"";"38";"7";"19";"12";"";"";"";"";"";"51830";"39641";"9011";"1766";"575";"458";"191";"107";"81";"833";"815";"14";"4";"";"";"";"";"";"8960";"8511";"423";"26";"";"";"";"";"";"18850";"16354";"2274";"183";"24";"6";"6";"1";"2";"11087";"8022";"2577";"375";"95";"7";"9";"2";"";"5332";"3108";"1413";"421";"83";"230";"13";"16";"48";"2765";"1304";"952";"265";"112";"77";"39";"6";"10";"4003";"1527";"1358";"492";"261";"138";"124";"82";"21"
"2013 - 2";"797";"562";"181";"35";"10";"3";"6";"";"";"5";"5";"";"";"";"";"";"";"";"168";"163";"5";"";"";"";"";"";"";"294";"246";"48";"";"";"";"";"";"";"149";"91";"50";"7";"1";"";"";"";"";"63";"36";"20";"3";"2";"1";"1";"";"";"38";"10";"24";"1";"1";"1";"1";"";"";"80";"11";"34";"24";"6";"1";"4";"";"";"77607";"57657";"15111";"2897";"964";"446";"297";"135";"100";"1204";"1175";"27";"2";"";"";"";"";"";"13149";"12373";"734";"42";"";"";"";"";"";"27128";"22964";"3764";"325";"37";"24";"1";"13";"";"17244";"12287";"4158";"634";"132";"23";"8";"1";"1";"8074";"4735";"2474";"604";"177";"49";"24";"9";"2";"4306";"2038";"1490";"404";"209";"81";"65";"13";"6";"6502";"2085";"2464";"886";"409";"269";"199";"99";"91"
"2013 - 3";"701";"529";"141";"18";"6";"5";"1";"1";"";"7";"7";"";"";"";"";"";"";"";"154";"153";"1";"";"";"";"";"";"";"250";"225";"25";"";"";"";"";"";"";"141";"89";"49";"2";"1";"";"";"";"";"45";"24";"18";"2";"";"";"1";"";"";"47";"19";"23";"3";"1";"";"";"1";"";"57";"12";"25";"11";"4";"5";"";"";"";"66909";"49230";"13270";"2632";"897";"395";"225";"179";"81";"1008";"981";"23";"4";"";"";"";"";"";"10719";"10029";"659";"31";"";"";"";"";"";"22698";"19217";"3144";"284";"44";"7";"1";"";"1";"15152";"10934";"3539";"538";"106";"17";"18";"";"";"7518";"4349";"2335";"534";"158";"49";"34";"56";"3";"3891";"1727";"1426";"448";"173";"70";"26";"8";"13";"5923";"1993";"2144";"793";"416";"252";"146";"115";"64"
"2013 - 4";"1013";"660";"302";"34";"12";"1";"2";"1";"1";"6";"6";"";"";"";"";"";"";"";"164";"157";"7";"";"";"";"";"";"";"300";"253";"47";"";"";"";"";"";"";"198";"150";"43";"4";"1";"";"";"";"";"81";"53";"24";"4";"";"";"";"";"";"90";"15";"60";"12";"3";"";"";"";"";"174";"26";"121";"14";"8";"1";"2";"1";"1";"88958";"63535";"19560";"3475";"1223";"563";"307";"175";"120";"1296";"1242";"45";"9";"";"";"";"";"";"16283";"15383";"855";"45";"";"";"";"";"";"29431";"23632";"5359";"350";"53";"24";"4";"6";"3";"18923";"13053";"4916";"761";"147";"30";"13";"";"3";"10449";"5461";"3880";"736";"216";"71";"53";"27";"5";"5036";"2236";"1845";"550";"223";"97";"46";"26";"13";"7540";"2528";"2660";"1024";"584";"341";"191";"116";"96"
"2014";"3827";"2770";"880";"116";"25";"8";"10";"13";"5";"33";"32";"1";"";"";"";"";"";"";"670";"655";"12";"3";"";"";"";"";"";"1285";"1119";"162";"3";"1";"";"";"";"";"765";"516";"230";"16";"3";"";"";"";"";"342";"192";"133";"15";"";"1";"1";"";"";"248";"112";"110";"18";"4";"1";"";"2";"1";"484";"144";"232";"61";"17";"6";"9";"11";"4";"347170";"251605";"70825";"14338";"4931";"2258";"1260";"677";"1276";"6150";"5668";"303";"35";"4";"";"";"";"140";"56356";"52679";"3379";"237";"40";"3";"15";"";"3";"117532";"97981";"17663";"1421";"294";"91";"47";"3";"32";"76557";"53559";"19265";"2912";"539";"156";"63";"16";"47";"37080";"21402";"11372";"2975";"773";"290";"116";"56";"96";"19816";"9707";"6517";"2089";"847";"354";"142";"76";"84";"33679";"10609";"12326";"4669";"2434";"1364";"877";"526";"874"
"2014 - 1";"800";"577";"192";"15";"7";"4";"";"3";"2";"5";"5";"";"";"";"";"";"";"";"137";"132";"5";"";"";"";"";"";"";"272";"237";"35";"";"";"";"";"";"";"155";"100";"52";"1";"2";"";"";"";"";"85";"53";"30";"2";"";"";"";"";"";"53";"32";"17";"";"3";"";"";"1";"";"93";"18";"53";"12";"2";"4";"";"2";"2";"77331";"56660";"15310";"3165";"1073";"526";"309";"160";"128";"1343";"1294";"38";"11";"";"";"";"";"";"12618";"11852";"721";"45";"";"";"";"";"";"26329";"22129";"3814";"301";"67";"17";"1";"";"";"17227";"12109";"4288";"681";"102";"34";"13";"";"";"8486";"4830";"2569";"731";"209";"74";"36";"9";"28";"4531";"2175";"1456";"471";"243";"91";"38";"38";"19";"6797";"2271";"2424";"925";"452";"310";"221";"113";"81"
"2014 - 2";"916";"684";"191";"27";"7";"1";"2";"3";"1";"10";"10";"";"";"";"";"";"";"";"157";"157";"";"";"";"";"";"";"";"317";"284";"33";"";"";"";"";"";"";"186";"131";"52";"3";"";"";"";"";"";"74";"45";"25";"3";"";"";"1";"";"";"60";"23";"33";"3";"";"1";"";"";"";"112";"34";"48";"18";"7";"";"1";"3";"1";"87316";"62888";"18409";"3665";"1245";"504";"274";"167";"164";"1279";"1210";"63";"6";"";"";"";"";"";"14351";"13467";"833";"51";"";"";"";"";"";"29448";"24530";"4464";"385";"45";"20";"2";"";"2";"19637";"13460";"5230";"770";"136";"25";"13";"2";"1";"9483";"5358";"3065";"751";"183";"70";"23";"21";"12";"5094";"2356";"1785";"581";"218";"108";"33";"8";"5";"8024";"2507";"2969";"1121";"663";"281";"203";"136";"144"
"2014 - 3";"911";"659";"209";"30";"4";"2";"1";"5";"1";"7";"6";"1";"";"";"";"";"";"";"177";"174";"1";"2";"";"";"";"";"";"298";"254";"43";"1";"";"";"";"";"";"171";"109";"55";"6";"1";"";"";"";"";"69";"39";"26";"3";"";"1";"";"";"";"63";"30";"27";"5";"";"";"";"1";"";"126";"47";"56";"13";"3";"1";"1";"4";"1";"76338";"55552";"15163";"3057";"1041";"493";"298";"120";"614";"1616";"1350";"109";"13";"4";"";"";"";"140";"12228";"11407";"734";"47";"19";"3";"15";"";"3";"25913";"21604";"3802";"339";"76";"27";"33";"3";"29";"16674";"12008";"3806";"624";"137";"40";"18";"5";"36";"7982";"4777";"2305";"581";"182";"67";"23";"14";"33";"4304";"2204";"1399";"434";"140";"62";"28";"16";"21";"7621";"2202";"3008";"1019";"483";"294";"181";"82";"352"
"2014 - 4";"1200";"850";"288";"44";"7";"1";"7";"2";"1";"11";"11";"";"";"";"";"";"";"";"199";"192";"6";"1";"";"";"";"";"";"398";"344";"51";"2";"1";"";"";"";"";"253";"176";"71";"6";"";"";"";"";"";"114";"55";"52";"7";"";"";"";"";"";"72";"27";"33";"10";"1";"";"";"";"1";"153";"45";"75";"18";"5";"1";"7";"2";"";"106185";"76505";"21943";"4451";"1572";"735";"379";"230";"370";"1912";"1814";"93";"5";"";"";"";"";"";"17159";"15953";"1091";"94";"21";"";"";"";"";"35842";"29718";"5583";"396";"106";"27";"11";"";"1";"23019";"15982";"5941";"837";"164";"57";"19";"9";"10";"11129";"6437";"3433";"912";"199";"79";"34";"12";"23";"5887";"2972";"1877";"603";"246";"93";"43";"14";"39";"11237";"3629";"3925";"1604";"836";"479";"272";"195";"297"
"2015";"4495";"3246";"1060";"130";"33";"13";"8";"2";"3";"46";"45";"1";"";"";"";"";"";"";"779";"754";"24";"";"";"1";"";"";"";"1597";"1412";"179";"4";"2";"";"";"";"";"868";"586";"257";"20";"3";"1";"1";"";"";"390";"224";"132";"29";"3";"2";"";"";"";"269";"96";"148";"17";"5";"2";"1";"";"";"546";"129";"319";"60";"20";"7";"6";"2";"3";"383103";"277060";"77972";"16409";"5701";"2617";"1501";"720";"1123";"7648";"7188";"430";"9";"";"";"12";"9";"";"64739";"59956";"4416";"283";"69";"15";"";"";"";"130586";"108901";"19186";"1911";"408";"121";"50";"6";"3";"80895";"56038";"20490";"3356";"652";"209";"85";"33";"32";"39197";"22582";"12036";"3099";"921";"297";"133";"56";"73";"20368";"9827";"7045";"2058";"828";"301";"172";"66";"71";"39670";"12568";"14369";"5693";"2823";"1674";"1049";"550";"944"
"2015 - 1";"887";"656";"196";"25";"9";"1";"";"";"";"13";"13";"";"";"";"";"";"";"";"137";"136";"1";"";"";"";"";"";"";"305";"281";"24";"";"";"";"";"";"";"202";"143";"54";"3";"2";"";"";"";"";"87";"41";"37";"7";"1";"1";"";"";"";"42";"21";"18";"2";"1";"";"";"";"";"101";"21";"62";"13";"5";"";"";"";"";"81131";"59628";"16076";"3182";"1079";"547";"284";"115";"220";"1672";"1562";"96";"2";"";"";"12";"";"";"13440";"12461";"892";"62";"17";"8";"";"";"";"27676";"23287";"3931";"340";"75";"27";"15";"";"1";"17746";"12560";"4325";"659";"118";"58";"19";"3";"4";"8460";"4999";"2534";"643";"184";"53";"19";"13";"15";"4171";"2129";"1374";"395";"149";"65";"34";"10";"15";"7966";"2630";"2924";"1081";"536";"336";"185";"89";"185"
"2015 - 2";"1162";"831";"290";"28";"9";"1";"3";"";"";"10";"10";"";"";"";"";"";"";"";"220";"214";"6";"";"";"";"";"";"";"428";"368";"58";"1";"1";"";"";"";"";"211";"144";"63";"3";"";"";"1";"";"";"91";"53";"28";"10";"";"";"";"";"";"72";"16";"51";"3";"1";"";"1";"";"";"130";"26";"84";"11";"7";"1";"1";"";"";"102174";"73497";"21175";"4480";"1489";"654";"417";"164";"298";"2161";"1958";"203";"";"";"";"";"";"";"17469";"16237";"1152";"60";"18";"2";"";"";"";"35142";"29444";"5074";"474";"107";"24";"16";"3";"";"21228";"14424";"5650";"876";"182";"51";"22";"9";"14";"10659";"5921";"3421";"919";"229";"82";"44";"21";"22";"5294";"2482";"1874";"541";"220";"91";"49";"24";"13";"10221";"3031";"3801";"1610";"733";"404";"286";"107";"249"
"2015 - 3";"1198";"884";"273";"32";"5";"3";"";"1";"";"8";"8";"";"";"";"";"";"";"";"202";"193";"8";"";"";"1";"";"";"";"436";"386";"47";"3";"";"";"";"";"";"242";"161";"72";"9";"";"";"";"";"";"91";"67";"21";"2";"1";"";"";"";"";"79";"32";"38";"8";"1";"";"";"";"";"140";"37";"87";"10";"3";"2";"";"1";"";"90346";"65470";"18121";"3877";"1370";"660";"340";"200";"308";"1723";"1680";"42";"1";"";"";"";"";"";"15680";"14589";"990";"78";"19";"4";"";"";"";"30584";"25429";"4508";"502";"100";"35";"7";"1";"2";"18918";"13168";"4695";"833";"158";"39";"15";"6";"4";"8940";"5192";"2722";"685";"206";"71";"32";"11";"21";"4936";"2349";"1732";"493";"205";"70";"48";"13";"26";"9565";"3063";"3432";"1285";"682";"441";"238";"169";"255"
"2015 - 4";"1248";"875";"301";"45";"10";"8";"5";"1";"3";"15";"14";"1";"";"";"";"";"";"";"220";"211";"9";"";"";"";"";"";"";"428";"377";"50";"";"1";"";"";"";"";"213";"138";"68";"5";"1";"1";"";"";"";"121";"63";"46";"10";"1";"1";"";"";"";"76";"27";"41";"4";"2";"2";"";"";"";"175";"45";"86";"26";"5";"4";"5";"1";"3";"109452";"78465";"22600";"4870";"1763";"756";"460";"241";"297";"2092";"1988";"89";"6";"";"";"";"9";"";"18150";"16669";"1382";"83";"15";"1";"";"";"";"37184";"30741";"5673";"595";"126";"35";"12";"2";"";"23003";"15886";"5820";"988";"194";"61";"29";"15";"10";"11138";"6470";"3359";"852";"302";"91";"38";"11";"15";"5967";"2867";"2065";"629";"254";"75";"41";"19";"17";"11918";"3844";"4212";"1717";"872";"493";"340";"185";"255"
"2016";"5010";"3687";"1112";"135";"38";"16";"8";"2";"12";"44";"43";"1";"";"";"";"";"";"";"783";"759";"23";"1";"";"";"";"";"";"1879";"1650";"225";"3";"1";"";"";"";"";"1002";"698";"272";"27";"3";"1";"";"";"1";"455";"260";"164";"22";"8";"";"";"1";"";"322";"136";"155";"20";"7";"2";"2";"";"";"525";"141";"272";"62";"19";"13";"6";"1";"11";"436573";"310329";"91653";"20632";"6813";"3127";"1755";"913";"1351";"8332";"7848";"482";"2";"";"";"";"";"";"73639";"67213";"5885";"447";"81";"12";"";"";"1";"148948";"121534";"24137";"2620";"445";"128";"47";"33";"4";"92876";"62619";"23942";"4710";"1017";"291";"175";"56";"66";"44004";"24951";"13647";"3559";"1143";"424";"136";"53";"91";"23645";"11649";"7753";"2505";"987";"383";"181";"92";"95";"45129";"14515";"15807";"6789";"3140";"1889";"1216";"679";"1094"
"2016 - 1";"1008";"733";"243";"23";"5";"1";"1";"";"2";"8";"8";"";"";"";"";"";"";"";"156";"151";"5";"";"";"";"";"";"";"393";"350";"42";"1";"";"";"";"";"";"208";"141";"66";"1";"";"";"";"";"";"82";"37";"40";"4";"1";"";"";"";"";"64";"23";"36";"2";"2";"";"1";"";"";"97";"23";"54";"15";"2";"1";"";"";"2";"98462";"70682";"20323";"4477";"1400";"650";"412";"195";"323";"1897";"1794";"103";"";"";"";"";"";"";"16884";"15528";"1250";"78";"25";"3";"";"";"";"33706";"27650";"5413";"524";"86";"23";"8";"1";"1";"20747";"14281";"5262";"956";"153";"47";"33";"10";"5";"9832";"5590";"3119";"775";"219";"70";"30";"12";"17";"5237";"2597";"1678";"590";"213";"81";"35";"24";"19";"10159";"3242";"3498";"1554";"704";"426";"306";"148";"281"
"2016 - 2";"1341";"982";"298";"37";"11";"6";"3";"2";"2";"12";"12";"";"";"";"";"";"";"";"227";"222";"5";"";"";"";"";"";"";"476";"407";"69";"";"";"";"";"";"";"273";"184";"77";"8";"2";"1";"";"";"1";"123";"88";"31";"3";"";"";"";"1";"";"82";"35";"39";"5";"1";"1";"1";"";"";"148";"34";"77";"21";"8";"4";"2";"1";"1";"117566";"83465";"24916";"5379";"1892";"853";"430";"268";"363";"2150";"2039";"111";"";"";"";"";"";"";"20090";"18343";"1569";"149";"27";"2";"";"";"";"40131";"32938";"6397";"636";"114";"32";"8";"6";"";"25066";"16827";"6634";"1163";"315";"82";"24";"13";"8";"11784";"6535";"3766";"939";"327";"150";"33";"15";"19";"6381";"3080";"2176";"657";"246";"111";"60";"20";"31";"11964";"3703";"4263";"1835";"863";"476";"305";"214";"305"
"2016 - 3";"1179";"873";"256";"31";"13";"2";"1";"";"3";"11";"11";"";"";"";"";"";"";"";"176";"169";"6";"1";"";"";"";"";"";"441";"391";"50";"";"";"";"";"";"";"231";"165";"56";"9";"1";"";"";"";"";"117";"54";"52";"8";"3";"";"";"";"";"83";"43";"33";"4";"3";"";"";"";"";"120";"40";"59";"9";"6";"2";"1";"";"3";"99695";"70849";"20891";"4740";"1518";"780";"404";"216";"297";"2039";"1932";"107";"";"";"";"";"";"";"16285";"14896";"1271";"97";"13";"7";"";"";"1";"33687";"27408";"5472";"619";"110";"50";"8";"18";"2";"21319";"14415";"5395";"1093";"250";"66";"57";"15";"28";"10258";"5918";"3078";"833";"252";"99";"43";"13";"22";"5596";"2768";"1868";"579";"212";"89";"37";"22";"21";"10511";"3512";"3700";"1519";"681";"469";"259";"148";"223"
"2016 - 4";"1482";"1099";"315";"44";"9";"7";"3";"";"5";"13";"12";"1";"";"";"";"";"";"";"224";"217";"7";"";"";"";"";"";"";"569";"502";"64";"2";"1";"";"";"";"";"290";"208";"73";"9";"";"";"";"";"";"133";"81";"41";"7";"4";"";"";"";"";"93";"35";"47";"9";"1";"1";"";"";"";"160";"44";"82";"17";"3";"6";"3";"";"5";"120850";"85333";"25523";"6036";"2003";"844";"509";"234";"368";"2246";"2083";"161";"2";"";"";"";"";"";"20380";"18446";"1795";"123";"16";"";"";"";"";"41424";"33538";"6855";"841";"135";"23";"23";"8";"1";"25744";"17096";"6651";"1498";"299";"96";"61";"18";"25";"12130";"6908";"3684";"1012";"345";"105";"30";"13";"33";"6431";"3204";"2031";"679";"316";"102";"49";"26";"24";"12495";"4058";"4346";"1881";"892";"518";"346";"169";"285"
"2017";"6415";"4598";"1514";"203";"49";"25";"8";"8";"10";"69";"65";"4";"";"";"";"";"";"";"1071";"1036";"34";"1";"";"";"";"";"";"2306";"2031";"269";"5";"";"";"";"1";"";"1260";"868";"355";"26";"4";"2";"";"3";"2";"558";"258";"244";"40";"13";"2";"";"";"1";"396";"151";"202";"28";"10";"2";"2";"1";"";"755";"189";"406";"103";"22";"19";"6";"3";"7";"509847";"352523";"113277";"25938";"9038";"3830";"2218";"1265";"1758";"9140";"8488";"632";"20";"";"";"";"";"";"85586";"75493";"9163";"775";"139";"15";"1";"";"";"176508";"139872";"31544";"4053";"744";"205";"70";"15";"5";"108901";"71710";"28881";"6020";"1451";"439";"196";"79";"125";"51228";"28049";"15952";"4504";"1674";"606";"236";"84";"123";"27153";"12814";"9151";"2888";"1204";"568";"253";"127";"148";"51331";"16097";"17954";"7678";"3826";"1997";"1462";"960";"1357"
"2017 - 1";"1270";"925";"282";"38";"12";"7";"";"2";"4";"13";"13";"";"";"";"";"";"";"";"209";"201";"8";"";"";"";"";"";"";"459";"410";"48";"1";"";"";"";"";"";"274";"194";"72";"4";"1";"1";"";"1";"1";"105";"51";"44";"6";"4";"";"";"";"";"71";"25";"40";"5";"1";"";"";"";"";"139";"31";"70";"22";"6";"6";"";"1";"3";"119169";"83555";"25743";"5835";"2015";"849";"484";"258";"430";"2184";"2042";"140";"2";"";"";"";"";"";"20540";"18359";"1979";"187";"14";"1";"";"";"";"41219";"32987";"7136";"884";"150";"44";"14";"4";"";"25483";"17040";"6635";"1363";"298";"73";"33";"17";"24";"12067";"6703";"3761";"1018";"383";"119";"42";"12";"29";"6130";"2910";"2016";"622";"330";"122";"64";"27";"39";"11546";"3514";"4076";"1759";"840";"490";"331";"198";"338"
"2017 - 2";"1636";"1215";"350";"48";"12";"6";"3";"2";"";"21";"20";"1";"";"";"";"";"";"";"276";"265";"11";"";"";"";"";"";"";"617";"547";"67";"2";"";"";"";"1";"";"320";"239";"77";"2";"2";"";"";"";"";"136";"63";"62";"11";"";"";"";"";"";"94";"38";"41";"9";"3";"1";"1";"1";"";"172";"43";"91";"24";"7";"5";"2";"";"";"137790";"95798";"30299";"6863";"2434";"1025";"570";"357";"444";"2415";"2214";"189";"12";"";"";"";"";"";"23354";"20767";"2350";"191";"35";"11";"";"";"";"48212";"38326";"8545";"1044";"211";"62";"16";"5";"3";"29679";"19664";"7676";"1711";"421";"106";"62";"25";"14";"13400";"7216";"4290";"1166";"452";"150";"70";"25";"31";"7295";"3413";"2477";"789";"318";"162";"71";"30";"35";"13435";"4198";"4772";"1950";"997";"534";"351";"272";"361"
"2017 - 3";"1454";"1034";"343";"53";"11";"6";"3";"2";"2";"11";"9";"2";"";"";"";"";"";"";"262";"256";"6";"";"";"";"";"";"";"493";"432";"60";"1";"";"";"";"";"";"270";"181";"78";"9";"1";"1";"";"";"";"127";"59";"49";"12";"6";"";"";"";"1";"106";"42";"54";"7";"1";"1";"1";"";"";"185";"55";"94";"24";"3";"4";"2";"2";"1";"114522";"78106";"26098";"5973";"2077";"946";"542";"331";"449";"2023";"1891";"129";"3";"";"";"";"";"";"19110";"16667";"2207";"177";"58";"1";"";"";"";"39299";"30922";"7168";"965";"171";"49";"23";"1";"";"23971";"15616";"6482";"1306";"314";"129";"42";"20";"62";"11702";"6288";"3687";"1095";"370";"149";"52";"28";"33";"6319";"2899";"2204";"687";"275";"132";"53";"33";"36";"12098";"3823";"4221";"1740";"889";"486";"372";"249";"318"
"2017 - 4";"2055";"1424";"539";"64";"14";"6";"2";"2";"4";"24";"23";"1";"";"";"";"";"";"";"324";"314";"9";"1";"";"";"";"";"";"737";"642";"94";"1";"";"";"";"";"";"396";"254";"128";"11";"";"";"";"2";"1";"190";"85";"89";"11";"3";"2";"";"";"";"125";"46";"67";"7";"5";"";"";"";"";"259";"60";"151";"33";"6";"4";"2";"";"3";"138366";"95064";"31137";"7267";"2512";"1010";"622";"319";"435";"2518";"2341";"174";"3";"";"";"";"";"";"22582";"19700";"2627";"220";"32";"2";"1";"";"";"47778";"37637";"8695";"1160";"212";"50";"17";"5";"2";"29768";"19390";"8088";"1640";"418";"131";"59";"17";"25";"14059";"7842";"4214";"1225";"469";"188";"72";"19";"30";"7409";"3592";"2454";"790";"281";"152";"65";"37";"38";"14252";"4562";"4885";"2229";"1100";"487";"408";"241";"340"
"2018";"6850";"4952";"1585";"208";"58";"26";"5";"9";"7";"62";"59";"3";"";"";"";"";"";"";"1126";"1075";"45";"6";"";"";"";"";"";"2563";"2253";"302";"8";"";"";"";"";"";"1337";"895";"407";"26";"8";"";"";"";"1";"531";"264";"226";"35";"5";"1";"";"";"";"464";"184";"238";"27";"9";"3";"";"2";"1";"767";"222";"364";"106";"36";"22";"5";"7";"5";"558990";"374533";"132669";"30848";"10490";"4582";"2430";"1413";"2025";"8756";"7813";"918";"22";"";"2";"";"";"1";"88580";"76617";"10709";"1048";"178";"25";"";"";"3";"193171";"148583";"37777";"5393";"972";"270";"130";"45";"1";"123269";"78660";"34266";"7428";"1967";"605";"170";"100";"73";"57180";"30677";"18593";"4836";"1781";"750";"275";"121";"147";"30051";"14043";"10227";"3315";"1159";"625";"322";"174";"186";"57983";"18140";"20179";"8806";"4433";"2305";"1533";"973";"1614"
"2018 - 1";"1359";"1011";"295";"34";"14";"3";"1";"1";"";"10";"10";"";"";"";"";"";"";"";"201";"185";"11";"5";"";"";"";"";"";"500";"458";"41";"1";"";"";"";"";"";"260";"190";"66";"3";"1";"";"";"";"";"103";"58";"36";"8";"1";"";"";"";"";"116";"64";"43";"8";"1";"";"";"";"";"169";"46";"98";"9";"11";"3";"1";"1";"";"129898";"89158";"29586";"6683";"2172";"1030";"514";"317";"438";"2098";"1891";"206";"1";"";"";"";"";"";"21554";"18879";"2438";"199";"32";"5";"";"";"1";"45295";"35666";"8198";"1122";"197";"77";"16";"19";"";"28373";"18550";"7673";"1564";"398";"130";"30";"15";"13";"12954";"6999";"4220";"1077";"404";"165";"41";"16";"32";"6827";"3137";"2442";"690";"262";"153";"68";"35";"40";"12797";"4036";"4409";"2030";"879";"500";"359";"232";"352"
"2018 - 2";"1856";"1345";"439";"46";"14";"5";"2";"2";"3";"15";"13";"2";"";"";"";"";"";"";"323";"309";"14";"";"";"";"";"";"";"731";"642";"89";"";"";"";"";"";"";"345";"231";"108";"3";"2";"";"";"";"1";"140";"59";"72";"8";"1";"";"";"";"";"122";"41";"72";"4";"3";"1";"";"1";"";"180";"50";"82";"31";"8";"4";"2";"1";"2";"154508";"103920";"36495";"8471";"2795";"1269";"615";"406";"537";"2426";"2224";"190";"12";"";"";"";"";"";"25011";"21619";"3037";"297";"46";"11";"";"";"1";"53677";"41419";"10442";"1470";"249";"66";"21";"10";"";"34120";"21764";"9460";"2105";"537";"173";"37";"28";"16";"15475";"8164";"5141";"1322";"509";"205";"68";"32";"34";"8161";"3839";"2738";"882";"350";"176";"79";"51";"46";"15638";"4891";"5487";"2383";"1104";"638";"410";"285";"440"
"2018 - 3";"1729";"1195";"436";"70";"12";"9";"2";"3";"2";"21";"20";"1";"";"";"";"";"";"";"296";"285";"11";"";"";"";"";"";"";"597";"510";"86";"1";"";"";"";"";"";"368";"222";"138";"6";"2";"";"";"";"";"135";"66";"51";"16";"1";"1";"";"";"";"100";"29";"57";"10";"2";"";"";"1";"1";"212";"63";"92";"37";"7";"8";"2";"2";"1";"126772";"84286";"30570";"6992";"2383";"1025";"655";"344";"517";"1999";"1718";"274";"4";"";"2";"";"";"1";"19389";"16685";"2456";"217";"25";"6";"";"";"";"43154";"32950";"8569";"1274";"222";"65";"68";"6";"";"28392";"18068";"7964";"1662";"478";"131";"39";"27";"23";"13229";"7313";"4168";"1029";"401";"172";"74";"30";"42";"6847";"3321";"2320";"674";"229";"140";"84";"36";"43";"13762";"4231";"4819";"2132";"1028";"509";"390";"245";"408"
"2018 - 4";"1906";"1401";"415";"58";"18";"9";"";"3";"2";"16";"16";"";"";"";"";"";"";"";"306";"296";"9";"1";"";"";"";"";"";"735";"643";"86";"6";"";"";"";"";"";"364";"252";"95";"14";"3";"";"";"";"";"153";"81";"67";"3";"2";"";"";"";"";"126";"50";"66";"5";"3";"2";"";"";"";"206";"63";"92";"29";"10";"7";"";"3";"2";"147812";"97169";"36018";"8702";"3140";"1258";"646";"346";"533";"2233";"1980";"248";"5";"";"";"";"";"";"22626";"19434";"2778";"335";"75";"3";"";"";"1";"51045";"38548";"10568";"1527";"304";"62";"25";"10";"1";"32384";"20278";"9169";"2097";"554";"171";"64";"30";"21";"15522";"8201";"5064";"1408";"467";"208";"92";"43";"39";"8216";"3746";"2727";"1069";"318";"156";"91";"52";"57";"15786";"4982";"5464";"2261";"1422";"658";"374";"211";"414"
"2019";"7010";"5073";"1647";"209";"49";"13";"13";"3";"3";"63";"58";"5";"";"";"";"";"";"";"1168";"1126";"41";"1";"";"";"";"";"";"2653";"2275";"360";"15";"1";"1";"1";"";"";"1318";"881";"403";"32";"2";"";"";"";"";"583";"297";"239";"39";"7";"";"1";"";"";"400";"163";"190";"32";"11";"1";"2";"";"1";"825";"273";"409";"90";"28";"11";"9";"3";"2";"546592";"355371";"136558";"32218";"10731";"4719";"2515";"1311";"3169";"8640";"7522";"969";"142";"";"";"";"";"7";"87292";"73785";"11990";"1189";"245";"65";"15";"";"3";"185477";"137595";"40087";"6177";"1073";"326";"131";"49";"39";"120642";"74378";"35373";"7704";"2076";"667";"217";"74";"153";"57426";"29932";"18711";"5070";"2096";"826";"362";"210";"219";"30102";"13999";"10305";"3190";"1255";"609";"349";"139";"256";"57013";"18160";"19123";"8746";"3986";"2226";"1441";"839";"2492"
"2019 - 1";"1565";"1121";"363";"62";"10";"3";"3";"2";"1";"13";"11";"2";"";"";"";"";"";"";"236";"226";"10";"";"";"";"";"";"";"591";"511";"75";"5";"";"";"";"";"";"319";"203";"104";"12";"";"";"";"";"";"117";"52";"55";"9";"1";"";"";"";"";"74";"32";"27";"12";"1";"1";"1";"";"";"215";"86";"90";"24";"8";"2";"2";"2";"1";"132304";"88172";"31724";"7298";"2454";"1106";"597";"353";"600";"2308";"1928";"311";"69";"";"";"";"";"";"21683";"18408";"2913";"293";"56";"9";"4";"";"";"45428";"34362";"9265";"1442";"252";"68";"22";"9";"8";"29190";"18706";"8149";"1617";"480";"148";"43";"13";"34";"13516";"7227";"4348";"1115";"434";"203";"84";"53";"52";"6705";"3163";"2275";"693";"258";"131";"90";"42";"53";"13474";"4378";"4463";"2069";"974";"547";"354";"236";"453"
"2019 - 2";"1848";"1395";"386";"43";"14";"7";"3";"";"";"21";"19";"2";"";"";"";"";"";"";"317";"307";"9";"1";"";"";"";"";"";"735";"640";"87";"6";"1";"1";"";"";"";"297";"216";"75";"6";"";"";"";"";"";"165";"98";"58";"7";"1";"";"1";"";"";"103";"43";"49";"9";"2";"";"";"";"";"210";"72";"106";"14";"10";"6";"2";"";"";"143788";"93902";"35752";"8415";"2837";"1221";"672";"316";"673";"2157";"1906";"208";"36";"";"";"";"";"7";"22943";"19328";"3212";"322";"70";"8";"3";"";"";"49127";"36570";"10566";"1543";"247";"122";"48";"21";"10";"31697";"19527";"9281";"2039";"570";"172";"51";"24";"33";"15150";"8043";"4872";"1302";"531";"217";"89";"50";"46";"8008";"3812";"2621";"929";"297";"163";"92";"29";"65";"14706";"4716";"4992";"2244";"1122";"539";"389";"192";"512"
"2019 - 3";"1623";"1156";"400";"49";"14";"2";"1";"";"1";"15";"14";"1";"";"";"";"";"";"";"294";"285";"9";"";"";"";"";"";"";"579";"497";"82";"";"";"";"";"";"";"305";"207";"93";"5";"";"";"";"";"";"156";"68";"72";"14";"2";"";"";"";"";"94";"31";"52";"5";"5";"";"";"";"1";"180";"54";"91";"25";"7";"2";"1";"";"";"118670";"75941";"30362";"7173";"2364";"1111";"564";"312";"843";"1934";"1715";"199";"20";"";"";"";"";"";"18728";"15789";"2583";"273";"60";"21";"1";"";"1";"39935";"29346";"8890";"1355";"238";"60";"24";"10";"12";"25958";"15897";"7707";"1620";"463";"162";"54";"16";"39";"12651";"6332";"4303";"1165";"472";"203";"83";"39";"54";"6585";"2996";"2312";"672";"299";"140";"66";"33";"67";"12879";"3866";"4368";"2068";"832";"525";"336";"214";"670"
"2019 - 4";"1974";"1401";"498";"55";"11";"1";"6";"1";"1";"14";"14";"";"";"";"";"";"";"";"321";"308";"13";"";"";"";"";"";"";"748";"627";"116";"4";"";"";"1";"";"";"397";"255";"131";"9";"2";"";"";"";"";"145";"79";"54";"9";"3";"";"";"";"";"129";"57";"62";"6";"3";"";"1";"";"";"220";"61";"122";"27";"3";"1";"4";"1";"1";"151830";"97356";"38720";"9332";"3076";"1281";"682";"330";"1053";"2241";"1973";"251";"17";"";"";"";"";"";"23938";"20260";"3282";"301";"59";"27";"7";"";"2";"50987";"37317";"11366";"1837";"336";"76";"37";"9";"9";"33797";"20248";"10236";"2428";"563";"185";"69";"21";"47";"16109";"8330";"5188";"1488";"659";"203";"106";"68";"67";"8804";"4028";"3097";"896";"401";"175";"101";"35";"71";"15954";"5200";"5300";"2365";"1058";"615";"362";"197";"857"
"2020";"6731";"4591";"1790";"254";"43";"20";"19";"4";"10";"63";"58";"3";"2";"";"";"";"";"";"1078";"1023";"53";"1";"1";"";"";"";"";"2322";"1961";"338";"16";"3";"4";"";"";"";"1380";"829";"494";"52";"2";"1";"1";"1";"";"642";"320";"274";"39";"6";"2";"1";"";"";"402";"170";"201";"24";"3";"3";"";"";"1";"844";"230";"427";"120";"28";"10";"17";"3";"9";"467839";"290332";"125632";"32044";"9938";"3966";"2010";"1044";"2873";"6645";"5948";"616";"80";"";"";"1";"";"";"66880";"56094";"9664";"894";"169";"50";"6";"";"3";"152829";"109474";"36001";"6017";"941";"242";"91";"33";"30";"105023";"61603";"32432";"8058";"2043";"527";"168";"70";"122";"52908";"26700";"18188";"5120";"1763";"601";"234";"105";"197";"28451";"13115";"9655";"3305";"1166";"598";"279";"129";"204";"55103";"17398";"19076";"8570";"3856";"1948";"1231";"707";"2317"
"2020 - 1";"1486";"1060";"352";"59";"9";"2";"1";"1";"2";"18";"18";"";"";"";"";"";"";"";"259";"244";"14";"1";"";"";"";"";"";"554";"482";"67";"4";"";"1";"";"";"";"287";"176";"95";"15";"";"";"1";"";"";"138";"63";"61";"13";"1";"";"";"";"";"75";"33";"36";"6";"";"";"";"";"";"155";"44";"79";"20";"8";"1";"";"1";"2";"111450";"70925";"28661";"7329";"2242";"950";"457";"236";"650";"1661";"1492";"149";"20";"";"";"";"";"";"16999";"14134";"2587";"227";"39";"9";"3";"";"";"37971";"27768";"8454";"1461";"211";"50";"16";"5";"6";"25171";"15055";"7542";"1871";"468";"148";"51";"12";"24";"12237";"6281";"4017";"1170";"479";"160";"61";"25";"44";"6141";"2717";"2081";"787";"285";"126";"73";"26";"46";"11270";"3478";"3831";"1793";"760";"457";"253";"168";"530"
"2020 - 2";"1048";"709";"284";"42";"8";"2";"1";"";"2";"9";"7";"";"2";"";"";"";"";"";"147";"141";"5";"";"1";"";"";"";"";"379";"312";"64";"2";"1";"";"";"";"";"238";"132";"97";"8";"1";"";"";"";"";"103";"56";"38";"8";"1";"";"";"";"";"62";"30";"28";"2";"1";"";"";"";"1";"110";"31";"52";"20";"3";"2";"1";"";"1";"75155";"44281";"22137";"5509";"1629";"674";"307";"184";"434";"941";"823";"100";"17";"";"";"1";"";"";"10048";"8246";"1610";"149";"24";"18";"1";"";"";"24669";"16825";"6499";"1103";"172";"50";"10";"6";"4";"17271";"9784";"5751";"1279";"339";"70";"31";"6";"11";"8753";"4089";"3228";"947";"301";"98";"42";"16";"32";"4517";"1960";"1613";"557";"197";"91";"41";"29";"29";"8956";"2554";"3336";"1457";"596";"347";"181";"127";"358"
"2020 - 3";"1967";"1329";"556";"65";"8";"4";"4";"";"1";"14";"12";"2";"";"";"";"";"";"";"340";"330";"10";"";"";"";"";"";"";"639";"543";"93";"3";"";"";"";"";"";"406";"237";"155";"13";"";"1";"";"";"";"194";"94";"89";"7";"2";"1";"1";"";"";"116";"41";"66";"8";"1";"";"";"";"";"258";"72";"141";"34";"5";"2";"3";"";"1";"127346";"79813";"33843";"8433";"2595";"1066";"611";"270";"715";"1914";"1725";"164";"25";"";"";"";"";"";"18234";"15443";"2487";"245";"45";"13";"";"";"1";"40411";"29249";"9338";"1477";"261";"56";"21";"2";"7";"28319";"16735";"8610";"2180";"547";"147";"39";"27";"34";"14657";"7476";"5085";"1347";"451";"161";"59";"30";"48";"8095";"3881";"2667";"883";"304";"198";"83";"26";"53";"15716";"5304";"5492";"2276";"987";"491";"409";"185";"572"
"2020 - 4";"2230";"1493";"598";"88";"18";"12";"13";"3";"5";"22";"21";"1";"";"";"";"";"";"";"332";"308";"24";"";"";"";"";"";"";"750";"624";"114";"7";"2";"3";"";"";"";"449";"284";"147";"16";"1";"";"";"1";"";"207";"107";"86";"11";"2";"1";"";"";"";"149";"66";"71";"8";"1";"3";"";"";"";"321";"83";"155";"46";"12";"5";"13";"2";"5";"153888";"95313";"40991";"10773";"3472";"1276";"635";"354";"1074";"2129";"1908";"203";"18";"";"";"";"";"";"21599";"18271";"2980";"273";"61";"10";"2";"";"2";"49778";"35632";"11710";"1976";"297";"86";"44";"20";"13";"34262";"20029";"10529";"2728";"689";"162";"47";"25";"53";"17261";"8854";"5858";"1656";"532";"182";"72";"34";"73";"9698";"4557";"3294";"1078";"380";"183";"82";"48";"76";"19161";"6062";"6417";"3044";"1513";"653";"388";"227";"857"
"2021";"9371";"6225";"2559";"424";"84";"31";"22";"5";"21";"114";"93";"21";"";"";"";"";"";"";"1367";"1262";"99";"5";"1";"";"";"";"";"3397";"2814";"546";"34";"1";"2";"";"";"";"1814";"1116";"623";"67";"6";"1";"";"";"1";"872";"381";"408";"60";"14";"6";"2";"1";"";"597";"234";"295";"38";"19";"3";"1";"2";"5";"1210";"325";"567";"220";"43";"19";"19";"2";"15";"650913";"391077";"179877";"47314";"15562";"6510";"3479";"1830";"5264";"9855";"8293";"1450";"112";"";"";"";"";"";"96132";"79168";"15157";"1476";"253";"67";"11";"";"";"213875";"149154";"53803";"8793";"1428";"420";"140";"114";"23";"144153";"81181";"46803";"11623";"3143";"805";"304";"114";"180";"72337";"34340";"24990";"7997";"3038";"1065";"462";"183";"262";"38140";"16391";"12944";"4922";"1873";"976";"464";"185";"385";"76421";"22550";"24730";"12391";"5827";"3177";"2098";"1234";"4414"
"2021 - 1";"1738";"1167";"453";"94";"13";"4";"3";"1";"3";"13";"12";"1";"";"";"";"";"";"";"251";"231";"20";"";"";"";"";"";"";"578";"488";"81";"8";"1";"";"";"";"";"324";"214";"93";"17";"";"";"";"";"";"176";"84";"71";"18";"2";"1";"";"";"";"130";"66";"51";"8";"5";"";"";"";"";"266";"72";"136";"43";"5";"3";"3";"1";"3";"136361";"82766";"37512";"9831";"3092";"1232";"678";"323";"927";"1821";"1572";"226";"23";"";"";"";"";"";"19144";"15920";"2939";"236";"34";"14";"1";"";"";"45225";"31784";"11231";"1824";"265";"75";"28";"14";"4";"30651";"17680";"9611";"2499";"613";"124";"61";"21";"42";"15292";"7451";"5183";"1656";"638";"171";"116";"31";"46";"8103";"3537";"2777";"1067";"374";"203";"76";"22";"47";"16125";"4822";"5545";"2526";"1168";"645";"396";"235";"788"
"2021 - 2";"2385";"1639";"611";"92";"20";"10";"8";"1";"4";"35";"35";"";"";"";"";"";"";"";"348";"329";"17";"1";"1";"";"";"";"";"861";"732";"120";"7";"";"2";"";"";"";"452";"300";"138";"12";"2";"";"";"";"";"256";"112";"128";"10";"5";"";"1";"";"";"131";"51";"66";"8";"3";"2";"1";"";"";"302";"80";"142";"54";"9";"6";"6";"1";"4";"172050";"104185";"47289";"12133";"4047";"1670";"913";"530";"1283";"2874";"2189";"663";"22";"";"";"";"";"";"25536";"21129";"3926";"404";"64";"12";"1";"";"";"56661";"39885";"13845";"2285";"405";"123";"34";"76";"8";"37876";"21663";"12081";"2973";"813";"207";"77";"26";"36";"18969";"9084";"6635";"1961";"773";"281";"110";"56";"69";"10080";"4493";"3402";"1188";"475";"243";"120";"46";"113";"20054";"5742";"6737";"3300";"1517";"804";"571";"326";"1057"
"2021 - 3";"2633";"1697";"786";"108";"26";"5";"4";"2";"5";"35";"26";"9";"";"";"";"";"";"";"414";"380";"34";"";"";"";"";"";"";"947";"762";"174";"11";"";"";"";"";"";"524";"294";"209";"19";"1";"";"";"";"1";"212";"96";"101";"12";"3";"";"";"";"";"171";"51";"104";"6";"6";"1";"";"2";"1";"330";"88";"155";"60";"16";"4";"4";"";"3";"156229";"92983";"43466";"11652";"3851";"1577";"844";"422";"1434";"2296";"2000";"279";"17";"";"";"";"";"";"23360";"19190";"3675";"402";"71";"17";"5";"";"";"50747";"35239";"12958";"2066";"335";"110";"24";"9";"6";"34245";"19044";"11329";"2733";"777";"216";"60";"32";"54";"17571";"8168";"6134";"2024";"766";"269";"100";"40";"70";"9263";"3801";"3206";"1309";"441";"217";"131";"55";"103";"18747";"5541";"5885";"3101";"1461";"748";"524";"286";"1201"
"2021 - 4";"2615";"1722";"709";"130";"25";"12";"7";"1";"9";"31";"20";"11";"";"";"";"";"";"";"354";"322";"28";"4";"";"";"";"";"";"1011";"832";"171";"8";"";"";"";"";"";"514";"308";"183";"19";"3";"1";"";"";"";"228";"89";"108";"20";"4";"5";"1";"1";"";"165";"66";"74";"16";"5";"";"";"";"4";"312";"85";"134";"63";"13";"6";"6";"";"5";"186273";"111143";"51610";"13698";"4572";"2031";"1044";"555";"1620";"2864";"2532";"282";"50";"";"";"";"";"";"28092";"22929";"4617";"434";"84";"24";"4";"";"";"61242";"42246";"15769";"2618";"423";"112";"54";"15";"5";"41381";"22794";"13782";"3418";"940";"258";"106";"35";"48";"20505";"9637";"7038";"2356";"861";"344";"136";"56";"77";"10694";"4560";"3559";"1358";"583";"313";"137";"62";"122";"21495";"6445";"6563";"3464";"1681";"980";"607";"387";"1368"
"2022";"9123";"5838";"2602";"457";"122";"47";"23";"9";"25";"77";"71";"6";"";"";"";"";"";"";"1469";"1306";"159";"3";"1";"";"";"";"";"3368";"2649";"685";"26";"4";"2";"1";"1";"";"1753";"1023";"632";"77";"15";"";"3";"";"3";"781";"355";"338";"61";"17";"3";"2";"1";"4";"549";"151";"295";"70";"19";"9";"2";"2";"1";"1126";"283";"487";"220";"66";"33";"15";"5";"17";"693206";"410063";"191679";"52762";"18108";"7722";"4249";"2213";"6410";"10931";"9484";"1145";"299";"";"2";"";"";"1";"108756";"87018";"18997";"2196";"400";"108";"37";"";"";"233738";"157510";"62207";"10992";"2055";"574";"255";"97";"48";"151976";"83483";"49034";"13230";"4145";"1181";"443";"236";"224";"74611";"35025";"25142";"8165";"3523";"1473";"610";"259";"414";"38505";"15826";"12992";"5072";"2192";"1089";"597";"252";"485";"74689";"21717";"22162";"12808";"5793";"3295";"2307";"1369";"5238"
"2022 - 1";"2143";"1390";"606";"99";"24";"6";"5";"1";"12";"28";"23";"5";"";"";"";"";"";"";"313";"289";"24";"";"";"";"";"";"";"759";"625";"127";"6";"1";"";"";"";"";"431";"254";"162";"10";"2";"";"1";"";"2";"206";"91";"101";"10";"2";"";"1";"";"1";"135";"38";"74";"17";"2";"1";"1";"1";"1";"271";"70";"113";"56";"17";"5";"2";"";"8";"169257";"99563";"47050";"13003";"4524";"1947";"1051";"535";"1584";"2840";"2489";"324";"27";"";"";"";"";"";"25767";"20700";"4423";"500";"103";"18";"23";"";"";"57068";"38690";"14985";"2702";"433";"134";"94";"19";"11";"37384";"20236";"12249";"3359";"1098";"264";"80";"64";"34";"18279";"8396";"6270";"2006";"870";"427";"149";"53";"108";"9406";"3870";"3190";"1201";"543";"278";"141";"69";"114";"18513";"5182";"5609";"3208";"1477";"826";"564";"330";"1317"
"2022 - 2";"2630";"1708";"766";"101";"32";"13";"4";"5";"1";"16";"16";"";"";"";"";"";"";"";"464";"408";"54";"2";"";"";"";"";"";"958";"750";"200";"6";"1";"";"";"1";"";"530";"318";"195";"14";"3";"";"";"";"";"192";"98";"85";"4";"3";"1";"";"1";"";"151";"38";"85";"20";"4";"4";"";"";"";"319";"80";"147";"55";"21";"8";"4";"3";"1";"193045";"113104";"53981";"14985";"5183";"2146";"1211";"629";"1806";"2865";"2538";"298";"26";"";"2";"";"";"1";"30235";"24065";"5437";"603";"102";"20";"8";"";"";"65353";"43750";"17568";"3200";"569";"170";"54";"24";"18";"42418";"23053";"13755";"3908";"1141";"306";"111";"63";"81";"20535";"9505";"6877";"2296";"1077";"405";"192";"83";"100";"10819";"4297";"3726";"1451";"673";"309";"169";"65";"129";"20820";"5896";"6320";"3501";"1621";"934";"677";"394";"1477"
"2022 - 3";"2117";"1315";"626";"115";"36";"16";"4";"1";"4";"16";"15";"1";"";"";"";"";"";"";"346";"302";"42";"1";"1";"";"";"";"";"791";"600";"181";"8";"1";"1";"";"";"";"379";"217";"134";"22";"6";"";"";"";"";"178";"75";"79";"18";"5";"1";"";"";"";"135";"45";"71";"15";"3";"1";"";"";"";"272";"61";"118";"51";"20";"13";"4";"1";"4";"163293";"95836";"45653";"12604";"4255";"1871";"1011";"557";"1506";"2647";"2189";"255";"203";"";"";"";"";"";"25685";"20554";"4501";"521";"66";"40";"3";"";"";"54018";"36286";"14474";"2513";"517";"134";"53";"31";"10";"35969";"19584";"11844";"3046";"943";"297";"133";"64";"58";"17942";"8393";"6169";"1947";"805";"323";"131";"68";"106";"9111";"3690";"3168";"1196";"487";"256";"141";"59";"114";"17921";"5140";"5242";"3178";"1437";"821";"550";"335";"1218"
"2022 - 4";"2233";"1425";"604";"142";"30";"12";"10";"2";"8";"17";"17";"";"";"";"";"";"";"";"346";"307";"39";"";"";"";"";"";"";"860";"674";"177";"6";"1";"1";"1";"";"";"413";"234";"141";"31";"4";"";"2";"";"1";"205";"91";"73";"29";"7";"1";"1";"";"3";"128";"30";"65";"18";"10";"3";"1";"1";"";"264";"72";"109";"58";"8";"7";"5";"1";"4";"167611";"101560";"44995";"12170";"4146";"1758";"976";"492";"1514";"2579";"2268";"268";"43";"";"";"";"";"";"27069";"21699";"4636";"572";"129";"30";"3";"";"";"57299";"38784";"15180";"2577";"536";"136";"54";"23";"9";"36205";"20610";"11186";"2917";"963";"314";"119";"45";"51";"17855";"8731";"5826";"1916";"771";"318";"138";"55";"100";"9169";"3969";"2908";"1224";"489";"246";"146";"59";"128";"17435";"5499";"4991";"2921";"1258";"714";"516";"310";"1226"
"2023";"8384";"5448";"2366";"394";"101";"36";"10";"11";"18";"84";"74";"9";"1";"";"";"";"";"";"1513";"1351";"162";"";"";"";"";"";"";"3178";"2391";"747";"37";"1";"";"";"1";"1";"1653";"908";"628";"96";"17";"1";"";"2";"1";"700";"358";"248";"61";"20";"11";"2";"";"";"383";"118";"179";"57";"20";"8";"";"";"1";"873";"248";"393";"142";"43";"16";"8";"8";"15";"618652";"370284";"168797";"44802";"15603";"7351";"3830";"2089";"5896";"9527";"8318";"1099";"108";"2";"";"";"";"";"101237";"79696";"18661";"2253";"392";"211";"22";"";"2";"211986";"141962";"56884";"9970";"2131";"658";"259";"84";"38";"135564";"75832";"42611";"11233";"3615";"1331";"463";"193";"286";"64370";"30864";"20971";"7102";"2689";"1367";"594";"273";"510";"33222";"14095";"10537";"4383";"1863";"932";"584";"292";"536";"62746";"19517";"18034";"9753";"4911";"2852";"1908";"1247";"4524"
"2023 - 1";"1862";"1241";"505";"81";"12";"12";"2";"4";"5";"19";"16";"3";"";"";"";"";"";"";"336";"304";"32";"";"";"";"";"";"";"694";"534";"152";"7";"1";"";"";"";"";"366";"214";"135";"14";"2";"";"";"";"1";"159";"83";"54";"17";"2";"3";"";"";"";"99";"36";"48";"13";"";"2";"";"";"";"189";"54";"81";"30";"7";"7";"2";"4";"4";"152666";"92705";"40863";"10947";"3792";"1676";"914";"476";"1293";"2372";"2110";"234";"28";"";"";"";"";"";"25274";"20087";"4506";"561";"90";"24";"4";"";"2";"52220";"35339";"13814";"2375";"491";"131";"50";"11";"9";"33613";"19157";"10352";"2680";"909";"312";"112";"34";"57";"15870";"7663";"5169";"1775";"661";"308";"131";"63";"100";"8109";"3530";"2440";"1159";"420";"198";"164";"83";"115";"15208";"4819";"4348";"2369";"1221";"703";"453";"285";"1010"
"2023 - 2";"2293";"1491";"646";"119";"24";"8";"2";"1";"2";"24";"19";"5";"";"";"";"";"";"";"446";"401";"45";"";"";"";"";"";"";"861";"624";"224";"13";"";"";"";"";"";"446";"261";"156";"27";"2";"";"";"";"";"191";"99";"64";"18";"7";"3";"";"";"";"91";"25";"45";"16";"3";"2";"";"";"";"234";"62";"107";"45";"12";"3";"2";"1";"2";"165197";"98433";"45409";"12269";"3985";"1938";"1049";"522";"1592";"2544";"2224";"299";"19";"2";"";"";"";"";"27409";"21541";"5107";"619";"109";"27";"6";"";"";"56922";"38228";"15117";"2713";"573";"189";"75";"21";"6";"36144";"19993";"11532";"3062";"933";"380";"112";"52";"80";"17018";"7833";"5822";"1927";"674";"399";"170";"67";"126";"8701";"3596";"2847";"1165";"434";"268";"166";"79";"146";"16459";"5018";"4685";"2764";"1260";"675";"520";"303";"1234"
"2023 - 3";"2021";"1362";"538";"78";"26";"8";"2";"2";"5";"22";"21";"";"1";"";"";"";"";"";"362";"319";"43";"";"";"";"";"";"";"819";"615";"192";"12";"";"";"";"";"";"368";"221";"127";"15";"5";"";"";"";"";"161";"92";"54";"9";"3";"2";"1";"";"";"76";"28";"33";"8";"4";"3";"";"";"";"213";"66";"89";"33";"14";"3";"1";"2";"5";"138348";"82101";"37794";"10031";"3816";"1846";"887";"486";"1387";"1978";"1703";"245";"30";"";"";"";"";"";"22052";"17181";"4131";"503";"92";"140";"5";"";"";"46836";"31184";"12577";"2317";"507";"158";"62";"23";"8";"30476";"17135";"9469";"2491";"861";"300";"112";"47";"61";"14675";"7135";"4708";"1548";"648";"328";"130";"63";"115";"7593";"3208";"2416";"905";"512";"217";"134";"61";"140";"14738";"4555";"4248";"2237";"1196";"703";"444";"292";"1063"
"2023 - 4";"2208";"1354";"677";"116";"39";"8";"4";"4";"6";"19";"18";"1";"";"";"";"";"";"";"369";"327";"42";"";"";"";"";"";"";"804";"618";"179";"5";"";"";"";"1";"1";"473";"212";"210";"40";"8";"1";"";"2";"";"189";"84";"76";"17";"8";"3";"1";"";"";"117";"29";"53";"20";"13";"1";"";"";"1";"237";"66";"116";"34";"10";"3";"3";"1";"4";"162441";"97045";"44731";"11555";"4010";"1891";"980";"605";"1624";"2633";"2281";"321";"31";"";"";"";"";"";"26502";"20887";"4917";"570";"101";"20";"7";"";"";"56008";"37211";"15376";"2565";"560";"180";"72";"29";"15";"35331";"19547";"11258";"3000";"912";"339";"127";"60";"88";"16807";"8233";"5272";"1852";"706";"332";"163";"80";"169";"8819";"3761";"2834";"1154";"497";"249";"120";"69";"135";"16341";"5125";"4753";"2383";"1234";"771";"491";"367";"1217"
"2024";"9894";"5678";"3178";"727";"155";"63";"40";"19";"34";"83";"74";"8";"1";"";"";"";"";"";"1666";"1373";"280";"9";"2";"2";"";"";"";"3689";"2517";"1075";"83";"9";"4";"";"";"1";"1965";"989";"769";"154";"21";"15";"14";"3";"";"796";"316";"335";"90";"30";"11";"5";"6";"3";"544";"139";"267";"98";"17";"8";"5";"3";"7";"1151";"270";"444";"292";"76";"23";"16";"7";"23";"695545";"386132";"206670";"57641";"20859";"9126";"4901";"2726";"7490";"10082";"8538";"1384";"160";"";"";"";"";"";"110143";"80081";"25752";"3542";"595";"135";"36";"1";"1";"237646";"146558";"72473";"13761";"3398";"900";"399";"114";"43";"154623";"80491";"51512";"14304";"5079";"1843";"712";"308";"374";"73841";"34163";"23449";"8972";"3578";"1727";"855";"426";"671";"37956";"14994";"12335";"5252";"2190";"1312";"694";"404";"775";"71254";"21307";"19765";"11650";"6019";"3209";"2205";"1473";"5626"
"2024 - 1";"2168";"1315";"652";"133";"32";"16";"8";"5";"7";"18";"16";"2";"";"";"";"";"";"";"371";"318";"52";"1";"";"";"";"";"";"795";"571";"207";"16";"";"";"";"";"1";"413";"222";"154";"29";"5";"1";"";"2";"";"197";"99";"66";"18";"6";"2";"1";"3";"2";"118";"23";"68";"16";"4";"3";"2";"";"2";"256";"66";"103";"53";"17";"10";"5";"";"2";"155723";"89729";"44972";"11906";"4158";"1858";"1018";"568";"1514";"2424";"2060";"316";"48";"";"";"";"";"";"25272";"18748";"5718";"690";"90";"21";"4";"1";"";"53731";"34593";"15474";"2762";"615";"194";"61";"25";"7";"34691";"18612";"11485";"2988";"983";"370";"131";"60";"62";"16209";"7702";"5194";"1851";"744";"348";"163";"77";"130";"8161";"3321";"2662";"1106";"438";"255";"156";"76";"147";"15235";"4693";"4123";"2461";"1288";"670";"503";"329";"1168"
"2024 - 2";"2698";"1555";"856";"188";"45";"20";"19";"7";"8";"24";"22";"2";"";"";"";"";"";"";"476";"399";"76";"";"";"1";"";"";"";"1002";"680";"293";"21";"6";"2";"";"";"";"537";"278";"190";"40";"8";"11";"10";"";"";"197";"73";"83";"28";"5";"4";"2";"2";"";"168";"43";"86";"26";"7";"1";"2";"2";"1";"294";"60";"126";"73";"19";"1";"5";"3";"7";"184636";"103584";"54575";"14891";"5427";"2359";"1236";"654";"1910";"2652";"2267";"363";"22";"";"";"";"";"";"29116";"21541";"6456";"907";"160";"40";"12";"";"";"63868";"39971";"19327";"3427";"808";"219";"70";"31";"15";"40411";"21223";"13346";"3681";"1353";"446";"204";"74";"84";"19554";"9004";"6332";"2299";"933";"491";"221";"99";"175";"10141";"3959";"3406";"1384";"559";"314";"185";"118";"216";"18894";"5619";"5345";"3171";"1614";"849";"544";"332";"1420"
"2024 - 3";"2339";"1346";"752";"172";"36";"16";"4";"4";"9";"19";"18";"1";"";"";"";"";"";"";"382";"307";"68";"5";"1";"1";"";"";"";"863";"602";"243";"16";"1";"1";"";"";"";"488";"255";"195";"33";"4";"";"1";"";"";"182";"65";"83";"20";"8";"5";"";"";"1";"130";"37";"51";"27";"5";"4";"1";"1";"4";"275";"62";"111";"71";"17";"5";"2";"3";"4";"161748";"88297";"48615";"13992";"5036";"2131";"1142";"703";"1832";"2286";"1953";"292";"41";"";"";"";"";"";"24934";"18052";"5783";"919";"138";"39";"2";"";"1";"54670";"33135";"17055";"3330";"820";"209";"80";"32";"9";"36230";"18552";"12211";"3440";"1272";"415";"164";"74";"102";"17266";"8033";"5463";"2127";"830";"392";"174";"91";"156";"9031";"3591";"2908";"1257";"525";"317";"162";"90";"181";"17331";"4981";"4903";"2878";"1451";"759";"560";"416";"1383"
"2024 - 4";"2689";"1462";"918";"234";"42";"11";"9";"3";"10";"22";"18";"3";"1";"";"";"";"";"";"437";"349";"84";"3";"1";"";"";"";"";"1029";"664";"332";"30";"2";"1";"";"";"";"527";"234";"230";"52";"4";"3";"3";"1";"";"220";"79";"103";"24";"11";"";"2";"1";"";"128";"36";"62";"29";"1";"";"";"";"";"326";"82";"104";"95";"23";"7";"4";"1";"10";"193438";"104522";"58508";"16852";"6238";"2778";"1505";"801";"2234";"2720";"2258";"413";"49";"";"";"";"";"";"30821";"21740";"7795";"1026";"207";"35";"18";"";"";"65377";"38859";"20617";"4242";"1155";"278";"188";"26";"12";"43291";"22104";"14470";"4195";"1471";"612";"213";"100";"126";"20812";"9424";"6460";"2695";"1071";"496";"297";"159";"210";"10623";"4123";"3359";"1505";"668";"426";"191";"120";"231";"19794";"6014";"5394";"3140";"1666";"931";"598";"396";"1655"
"2025";"2559";"1289";"883";"289";"44";"17";"9";"19";"9";"20";"18";"2";"";"";"";"";"";"";"525";"403";"113";"8";"";"1";"";"";"";"858";"487";"335";"22";"4";"";"1";"9";"";"491";"201";"204";"70";"9";"";"2";"5";"";"187";"60";"77";"39";"4";"3";"1";"";"3";"153";"41";"61";"42";"2";"5";"2";"";"";"325";"79";"91";"108";"25";"8";"3";"5";"6";"179006";"94082";"55756";"16155";"5954";"2601";"1431";"806";"2221";"2755";"2332";"390";"33";"";"";"";"";"";"28147";"19274";"7528";"1064";"224";"44";"13";"";"";"61392";"35242";"20400";"4170";"1098";"296";"112";"57";"17";"40035";"19676";"13620";"4172";"1483";"571";"246";"124";"143";"18678";"8187";"5957";"2397";"1034";"488";"263";"143";"209";"9541";"3765";"2942";"1370";"586";"314";"193";"118";"253";"18458";"5606";"4919";"2949";"1529";"888";"604";"364";"1599"
"2025 - 1";"2559";"1289";"883";"289";"44";"17";"9";"19";"9";"20";"18";"2";"";"";"";"";"";"";"525";"403";"113";"8";"";"1";"";"";"";"858";"487";"335";"22";"4";"";"1";"9";"";"491";"201";"204";"70";"9";"";"2";"5";"";"187";"60";"77";"39";"4";"3";"1";"";"3";"153";"41";"61";"42";"2";"5";"2";"";"";"325";"79";"91";"108";"25";"8";"3";"5";"6";"179006";"94082";"55756";"16155";"5954";"2601";"1431";"806";"2221";"2755";"2332";"390";"33";"";"";"";"";"";"28147";"19274";"7528";"1064";"224";"44";"13";"";"";"61392";"35242";"20400";"4170";"1098";"296";"112";"57";"17";"40035";"19676";"13620";"4172";"1483";"571";"246";"124";"143";"18678";"8187";"5957";"2397";"1034";"488";"263";"143";"209";"9541";"3765";"2942";"1370";"586";"314";"193";"118";"253";"18458";"5606";"4919";"2949";"1529";"888";"604";"364";"1599"
