id,tipo_vivienda,calle,zona,ciudad,precio,num_habitaciones,superficie_m2,garaje,descripcion,url
108371700,Piso,Cuesta de Santo Domingo,Palacio,Madrid,800.000€,3,105,False,"GILMAR Consulting Inmobiliario presenta espectacular vivienda exterior con 6 balcones en esquina en el corazón de Madrid. La vivienda se presenta como una oportunidad única de inversión en el centro de Madrid. Situada en el emblemático barrio de Palacio, en el distrito Centro de Madrid, esta vivienda exterior consta de 105 m², con 6 balcones a la calle, 3 de ellos con vistas a la calle Campomanes. En una ubicación privilegiada: a tan solo unos pasos de la Plaza de Isabel II, el Palacio Real y el Senado, esta vivienda está rodeada de historia,",https://www.idealista.com/inmueble/108371700/
108324155,Ático,Calle de las Aguas,Palacio,Madrid,850.000€,2,106,False,"**Exclusivo ático en el emblemático barrio de Palacio, Madrid** Descubre este magnífico ático de 98m2 en uno de los enclaves más históricos y codiciados de Madrid. Este elegante inmueble cuenta con 2 dormitorios, 2 baños, una cocina completamente equipada y un salón independiente bañado por luz natural gracias a su orientación este. Su diseño exterior y su impecable estado de conservación lo convierten en un refugio perfecto para quienes buscan un hogar sofisticado y listo para entrar a vivir. La finca, construida en 1940, es un ejemplo de",https://www.idealista.com/inmueble/108324155/
106702840,Piso,Calle del Carril de los Caleros,Aravaca,Madrid,1.335.000€,3,157,False,"Impecable piso de 157 m² con terraza de 130 m² en venta en urbanización cerrada con piscina. En buenísima ubicación por cercanía a zona comercial y de ocio, servicios y bien comunicada por transporte público y principales carreteras. Distribución: · Amplio hall de recibo. · Aseo de visitas. · Armario gabanero. · Cocina office con tendedero y salida a terraza. · Salón comedor con salida a terraza. · Dos dormitorios. · Baño completo. · Dormitorio principal con vestidor y baño completo. Puedes ver más inmuebles en nuestra página web. Entre el M",https://www.idealista.com/inmueble/106702840/
,,,,,,,,False,,
105036254,Piso,Calle de Noblejas,Palacio,Madrid,1.495.000€,3,164,False,"¡Exclusivo Piso en Venta en el Corazón de Madrid! Este impresionante piso de 164 m² combina elegancia, confort y una ubicación inmejorable, ideal para quienes buscan vivir en una vivienda de alta calidad y con historia. Además, ha sido completamente reformado y está listo para estrenar, con acabados y mobiliario totalmente nuevos que garantizan calidad, funcionalidad y un estilo impecable. Alojado en un magnífico edificio en el corazón de Madrid, construido en 1834 y con casi dos siglos de historia, este inmueble aporta un carácter y un valor",https://www.idealista.com/inmueble/105036254/
108046286,Piso,Calle de Vallehermoso,Arapiles,Madrid,970.000€,3,169,False,"En el prestigioso barrio de Vallehermoso, dentro del distrito de Chamberí, se encuentra un piso excepcional que redefine el concepto de vida urbana. Con una superficie de 169 m², esta vivienda en altura ofrece un ambiente de luminosidad y confort inigualable, gracias a su orientación suroeste que garantiza la entrada de luz natural durante todo el día. El inmueble cuenta con tres amplios dormitorios y dos baños, ideales para familias que buscan espacio y comodidad. El salón independiente proporciona un área de estar perfecta para el descanso y",https://www.idealista.com/inmueble/108046286/
106751275,Casa o chalet independiente,Calle Eibar,El Plantío,Madrid,9.000.000€,9,1.674,False,"Impresionante independiente de 1.600 m² sobre una parcela de 2.890 m² ubicado en un exclusivo recinto privado con vistas al Monte de El Pardo en La Florida. Si hay una ubicación privilegiada para vivir en un entorno natural sin igual y a la vez estar a menos de 10 minutos del centro es la prestigiosa urbanización de La Florida, una de las urbanizaciones más exclusivas de Madrid presidida por el Monte de El Pardo. Esta exclusiva vivienda se encuentra a su vez situada en un recinto privado para un selecto número de vecinos permitiendo disfruta",https://www.idealista.com/inmueble/106751275/
108361180,Piso,Calle de Esparteros,Sol,Madrid,760.000€,5,140,False,"Amplio piso en el centro de Madrid Engel&Völkers presenta esta vivienda interior, ubicada en pleno corazón del centro de Madrid, a pocos metros de la Plaza Mayor, del mercado de San Miguel y de la Puerta del Sol. El inmueble tiene 140 m2 construidos, está en una tercera planta de una finca típica de la zona, con un amplio portal y unas escaleras comunes de carpintería de madera, dispone de ascensor y de conserje. La vivienda dispone de un hall distribuidor, un salón comedor y cocina. La zona íntima está compuesta de 5 dormitorios y un baño co",https://www.idealista.com/inmueble/108361180/
108538807,Piso,Calle de las Aguas,Palacio,Madrid,850.000€,2,106,False,"Coqueta y luminosa propiedad con terraza en La Latina Engel & Völkers presenta esta luminosa y coqueta propiedad en el corazón del popular barrio de La Latina. Se trata de una propiedad exterior practicamente en su totalidad y se encuentra en la quarta planta con acsesor de una finca clásica de Madrid de los Austrias. La vivienda cuenta con una superficie construida total aproximada de 90m² y 16m² de terraza, distribuida en torno a recibidor y salón amplio, a todo ello se le suma a la terraza que está perfectamente integrada. El dormitorio p",https://www.idealista.com/inmueble/108538807/
102043012,Piso,Calle de Triana,Nueva España,Madrid,1.650.000€,2,181,False,"AMBASSADOR pone a la venta este espectacular bajo con jardín, ubicado en una calle tranquila cercana al Paseo de la Habana. Es una vivienda totalmente exterior con una reforma de interiorismo impecable y cuidada hasta el último detalle, tanto en domótica como en sus materiales y acabados de lujo. Tiene muchísima luz, privacidad y vistas despejadas hacia el jardín dando la sensación de estar en un chalet. El hall de entrada nos conduce al amplio salón comedor, mas una zona de despacho, todo ello con un gran ventanal de lado a lado de la par",https://www.idealista.com/inmueble/102043012/
107346813,Casa o chalet independiente,"Calle Eibar, s/n",El Plantío,Madrid,9.000.000€,9,1.674,False,"La Florida, increíbles VISTAS a EL PARDO. Dentro de calle PRIVADA con garita de seguridad. Gran proyecto de arquitectura con las 1º calidades del mercado. 28 placas solares SPA Paddle Suelo radiante Ascensor Fachada de piedra caliza Madera de Iroco Gran altura de techos La propiedad está distribuida de la siguiente manera: Planta de acceso: Gran hall con gran altura de techos. Gran salón en 2 ambientes con chimenea y salida al jardín. Comedor con doble altura de techos y salida al jardín. Cocina perfectamente equipada, con comedor de diario",https://www.idealista.com/inmueble/107346813/
108893922,Piso,Calle del Doctor Esquerdo,Adelfas,Madrid,1.090.000€,4,140,True,"CONTACTAR CON EXTENSIÓN Nº3 Se vende magnífica vivienda situada en la zona de Conde de Casal, dentro del distrito de Retiro. Ubicado en una urbanización privada con excelentes servicios. Este piso ofrece comodidad, amplitud y seguridad para toda la familia. La vivienda tiene 4 dormitorios amplios, dos baños completos (uno de ellos en suite), una gran terraza, trastero y plaza de garaje con acceso directo incluida en el precio y todo lo necesario para disfrutar del día a día con la máxima calidad de vida. La última reforma se realizó en el añ",https://www.idealista.com/inmueble/108893922/
106932820,Piso,Calle de la Fuente del Berro,Goya,Madrid,1.520.000€,3,155,False,"Maravillosa propiedad reformada con terrazas en cada estancia en la zona de Goya. Engel & Völkers, inmobiliaria de lujo, tiene el placer de presentarles este precioso piso de 140 m2, recién reformado en la zona de Goya, con la increíble particularidad de poseer 5 terrazas, dos de ellas en la zona social y otras tres en cada una de las habitaciones en las que se distribuye la vivienda, dotándole además de una magnífica luminosidad! Cuando accedemos a esta propiedad con encontramos con una amplio salón comedor con cocina integrada, equipada con e",https://www.idealista.com/inmueble/106932820/
107720088,Piso,Calle del Príncipe de Vergara,Castellana,Madrid,1.990.000€,3,148,False,"DIZA consultores presenta vivienda reformada que destaca por su diseño elegante, su amplitud y la gran cantidad de luz natural que recibe. Su distribución ha sido cuidadosamente diseñada para ofrecer el máximo confort y funcionalidad. Al acceder a la vivienda, nos encontramos con un espacio diáfano y acogedor que integra la zona social. La cocina, completamente equipada y con una moderna península, se fusiona con el comedor y el salón, creando un ambiente perfecto para el día a día y para el entretenimiento. Además, en la entrada se dispone un",https://www.idealista.com/inmueble/107720088/
107918238,Piso,Paseo de las Acacias,Acacias,Madrid,940.000€,4,141,False,"Descubre esta impresionante vivienda en altura situada en el exclusivo barrio de Acacias, en el distrito de Arganzuela, Madrid. Este piso de lujo, con vistas a Madrid Río, se encuentra en una excelente finca con portero, ofreciendo una experiencia de vida sofisticada y cómoda. La propiedad, construida en 1986, cuenta con una superficie total de 141 metros cuadrados y está distribuida en cuatro amplios dormitorios, dos baños completos y un salón independiente que invita a disfrutar de momentos de relax y convivencia. La luminosidad y el sol que",https://www.idealista.com/inmueble/107918238/
107873687,Piso,Calle de Goya,Goya,Madrid,2.850.000€,3,280,False,"Exclusiva vivienda en el prestigioso Barrio de Salamanca, en la emblemática Calle de Goya. Con una superficie de 280 m², la zona principal dispone de un amplio y luminoso salón-comedor de 90m2 orientado al sur, mas terraza privada de 15m2 aprox. La zona de descanso cuenta con tres master suite, con vestidores de gran tamaño. La cocina, de 33m2 mas área de office y zona de lavandería independiente. Uno de las master suite, es un apartamento con entrada independiente, aproximadamente de 40m2. Esta espectacular propiedad ha sido rehabilitada co",https://www.idealista.com/inmueble/107873687/
105521069,Piso,Calle de Noblejas,Palacio,Madrid,1.495.000€,3,164,False,"Exclusiva propiedad en el corazón del Madrid de los Austrias Engel & Völkers presenta esta exclusiva propiedad situada en el corazón del Madrid de los Austrias. A su excelente ubicación, en un edificio clásico de 1.834 con fachada de sillería íntegramente restaurado en 1.989, se suman el confort y la elegancia de su reforma integral de acabados de alta calidad. Traspasando el umbral nos encontramos con la espaciosa zona pública, dividida en cuatro ambientes diferenciados. En primer término, nos encontramos con la cocina abierta. De un blanco",https://www.idealista.com/inmueble/105521069/
107145320,Piso,Calle de José Ortega y Gasset,Castellana,Madrid,7.900.000€,4,473,False,"AMBASSADOR ofrece este piso vanguardista reformado en su totalidad con calidades de alta gama de 473 m2, situado en una de las calles más emblemáticas del barrio de Salamanca, José Ortega y Gasset, cerca de Castellana. Entramos a la casa a través de un gran hall distribuidor. Todas las estancias principales - salón, dos comedores y zona de estar con chimenea - están separadas por puertas correderas. Todas estas zonas son especialmente agradable por su luminosidad con orientación sur y sus 5 balcones a la calle. Tiene tres amplos dormitorios",https://www.idealista.com/inmueble/107145320/
96292622,Casa o chalet independiente,Calle del Valle de Toranzo,Valdemarín,Madrid,2.500.000€,11,761,False,"Excelente propiedad en ubicación inmejorable en Valdemarín. La propiedad consta de 3 viviendas en una fabulosa parcela llana y despejada, alejada de ruidos en Valdemarín. 3 viviendas unifamiliares con un total 761 m² en parcela de 2.517 m². Normativa 8.1. a La 1º vivienda se distribuye en salón independiente, cocina, 5 habitaciones y 5 cuartos de baño. La 2º vivienda cuenta con salón independiente, cocina, 3 habitaciones y 3 cuartos de baño. La 3º vivienda dispone de salón independiente, cocina, 2 habitaciones y 2 cuartos de baño. Pued",https://www.idealista.com/inmueble/96292622/
,,,,,,,,False,,
108721036,Piso,Calle de Valderribas,Pacífico,Madrid,770.000€,4,134,False,"Piso exterior en Pacífico, con terraza Engel & Völkers presenta este fantástico piso exterior ubicado en Pacífico, cerca del Parque del Retiro. Con 134 m2 construidos, la propiedad ofrece un gran potencial de reforma, permitiéndote crear el hogar de tus sueños. Ubicado en una 5ª planta, el inmueble cuenta con un amplio salón-comedor, ideal para reuniones familiares o momentos de relajación, y un recibidor que conecta los espacios de manera armoniosa. La cocina independiente con área de comedor destaca por su funcionalidad y acceso a una zona",https://www.idealista.com/inmueble/108721036/
107456787,Piso,Calle de Serrano,Castellana,Madrid,3.000.000€,2,191,False,"AMBASSADOR ofrece, en pleno corazón del barrio de Salamanca, una vivienda que goza de una privilegiada situación. La fachada de configuración tradicional madrileña, con acabado de revoco y bellos elementos de cerrajería en especial los del chaflán contrasta con la de la ampliación del edificio resuelta con cerámica terracota en fachada ventilada. En definitiva, este edificio de 1900 y reformado en 2008 brinda un concepto diferente de vivienda que cubre las necesidades más exigentes. Cuida cada detalle de manera impoluta, refleja estilo en cad",https://www.idealista.com/inmueble/107456787/
106611139,Piso,Calle del Carril de los Caleros,Aravaca,Madrid,1.335.000€,3,195,False,"Bonito piso con terraza en Aravaca Engel&Völkers presenta esta espectacular vivienda en segunda planta, con una impresionante terraza perimetral de más de 130 metros, uno de los mayores atractivos de la casa. Este generoso espacio exterior, que rodea la propiedad, le ofrece a los nuevos propietarios la posibilidad de personalizarla a su gusto. Con una distribución pensada para aprovechar al máximo cada metro cuadrado, la casa cuenta con 3 dormitorios: la habitación principal cuenta con un amplio vestidor y baño en suite, y dos habitaciones adic",https://www.idealista.com/inmueble/106611139/
108336058,Ático,Calle de Luis Mitjans,Adelfas,Madrid,760.000€,2,95,False,"Exclusivo ático con piscina y terraza en Retiro Bienvenido a un exclusivo ático en el corazón de Madrid, donde el lujo y la comodidad se encuentran en perfecta armonía. Con una superficie total de 95 metros cuadrados, este elegante hogar ofrece un espacio habitable de 73 metros cuadrados, cuidadosamente diseñado para brindar una experiencia de vida sofisticada. Construido en el año 2000 y mantenido en excelentes condiciones, este apartamento cuenta con dos amplios dormitorios y dos baños, lo que lo convierte en el refugio ideal para quienes bus",https://www.idealista.com/inmueble/108336058/
108635798,Piso,Calle de Santa Engracia,Trafalgar,Madrid,1.249.000€,2,108,False,"En el corazón del prestigioso barrio de Trafalgar, dentro del emblemático distrito de Chamberí, se encuentra esta joya inmobiliaria: un piso exclusivo de 108 m² que combina elegancia, diseño y una ubicación privilegiada. Este inmueble, ubicado en un edificio clásico, destaca por su luminosidad, gracias a su orientación este y a sus tres balcones que ofrecen vistas directas a la calle. Es el lugar perfecto para quienes buscan disfrutar de la vida urbana con estilo y comodidad. La vivienda dispone de un diseño impecable que incluye dos amplios d",https://www.idealista.com/inmueble/108635798/
108505570,Ático,Calle de Manuel González Longoria,Trafalgar,Madrid,2.050.000€,3,158,True,"Magnífico ático con garaje junto a Alonso Martínez Engel & Völkers les ofrece este magnífico ático con terraza y amplia plaza de garaje en finca, ubicado a escasos metros de la Plaza de Alonso Martínez, donde se juntan tres de los barrios más prestigiosos de Madrid; Almagro, Justicia y Trafalgar. Este elegante espacio, con una superficie de 158 metros cuadrados construidos, está para actualizar y actualmente su distribución es bastante moderna. Construido en 1991 y mantenido en condiciones óptimas, ofrece tres amplias habitaciones y dos baños,",https://www.idealista.com/inmueble/108505570/
107568319,Casa o chalet independiente,Avenida del Levante,Bernabéu-Hispanoamérica,Madrid,1.850.000€,4,300,False,"Chalet pareado para reforma en Chamartín Engel & Völkers presenta este chalet pareado, para reformar, con tres plantas construidas en una parcela rectangular de 184 m2, situado en una tranquila colonia histórica de Chamartín. La primera planta, de 75 m2 de superficie, cuenta con tres salones, cocina y baño de cortesía. Sus techos de 3,6 m. de altura ofrecen una gran amplitud. En la segunda planta, de 50 m2 y techos de madera, se encuentran tres dormitorios con armarios empotrados y un baño completo. En la tercera planta, un espacio diáfano",https://www.idealista.com/inmueble/107568319/
103342470,Casa o chalet independiente,Avenida de Fuentelarreina,Ciudad Universitaria,Madrid,2.200.000€,5,510,False,"Chalet Independiente en PUERTA DE HIERRO - FUENTELARREYNA, sobre parcela de 1.280m2. Con una vivienda de 510m2 en 3 plantas de estilo Norte Europeo. La parcela es muy plana y la casa está distribuida de la siguiente manera: Planta 0: Hall de entrada Gran salón en 3 ambientes con chimenea Gran comedor Sala de estar tipo ""TV Room"" Aseo de cortesía Gran Cocina con Office Zona de lavandería Planta 1: 4 grandes dormitorios en suite, cada uno con su baño completo incorporado. El dormitorio principal que es uno de estos 4, tiene un vestidor. Plant",https://www.idealista.com/inmueble/103342470/
108698077,Piso,Calle de Antonio Maura,Jerónimos,Madrid,4.800.000€,4,291,True,"Jerónimos: A ESTRENAR, con TERRAZA y PLAZA de GARAJE, en edificio representativo de la zona. Reformado con calidades premium, este piso con grandes estancias está distribuido de la siguiente manera: Buena zona de recibo Cocina con isla y electrodomésticos MIELE. Comedor Aseo de cortesia. Salón en 3 ambientes Terraza con salón exterior 3 dormitorios para cama de matrimonio, en suite, cada uno con su baño completo. Adicionalmente hay otro dormitorio para cama individual con baño completo, que puede ser de servicio ó de invitados. En Jaime Val",https://www.idealista.com/inmueble/108698077/
106595801,Ático,Calle de Alonso Cano,Nuevos Ministerios-Ríos Rosas,Madrid,855.000€,1,80,False,"Ático con reforma de lujo en Chamberí Engel & Völkers presenta exclusivo ático con reforma integral en altas calidades en una de las zonas más cotizadas de Chamberí. Por su ubicación, este luminoso sexto piso, disfruta de unas privilegiadas vistas despejadas al skyline madrileño. Además, cuenta con una gran oferta cultural y de ocio, ya que se sitúa a poca distancia de museos, teatros, cines y centros culturales, sin olvidar todas las ventajas que ofrecen los exclusivos barrios de Almagro o Ríos Rosas. Este inmueble no solo ofrece una ubicació",https://www.idealista.com/inmueble/106595801/
108911794,Ático,Ciudad Jardín,Ciudad Jardín,Madrid,1.950.000€,2,189,False,"DE SALAS LUXURY HOMES Ref. MAV02855, presenta exclusivo ático de lujo con piscina privada en Ciudad Jardín. MUCHAS DE NUESTRAS PROPIEDADES NO APARECEN EN IDEALISTA. CONSULTE EN NUESTRA PÁGINA WEB DE “De Salas”, PARA VER MÁS VIVIENDAS EN EXCLUSIVA. Cuenta con un diseño único y funcional, disfrutando de una terraza perimetral con piscina privada e impresionantes vistas panorámicas. Goza de una gran privacidad, siendo la luz su principal protagonista, gracias a su diseño de concepto abierto al exterior. En planta principal se encuentra un espec",https://www.idealista.com/inmueble/108911794/
106158684,Piso,Calle del Conde de Peñalver,Goya,Madrid,1.970.000€,3,179,False,"Presentamos esta excelente oportunidad en el prestigioso barrio de Goya, Madrid. Se trata de un piso a reformar en una finca clásica con portero, ubicada en una cuarta planta. La propiedad cuenta con una superficie de 170 m², con espacios amplios y bien distribuidos. El piso dispone de tres habitaciones y dos baños, lo que ofrece un espacio adecuado para familias o para aquellos que deseen personalizar cada ambiente a su gusto. Los cuatro balcones que dan a la calle aportan una gran luminosidad. Situado en una de las zonas más demandadas de",https://www.idealista.com/inmueble/106158684/
103963452,Piso,Avenida del General Perón,Cuatro Caminos,Madrid,2.350.000€,5,360,True,"Walter Haus presenta este excepcional piso exterior, a reformar, y que ocupa una posición privilegiada en la Avenida de General Perón. Ubicado en la sexta planta, este impresionante inmueble ofrece un diseño cuidadosamente distribuido que comprende cinco habitaciones, cuatro baños, una amplia cocina equipada con abundante espacio de almacenamiento, y un inmenso salón independiente que se llena de luz natural. Con varios armarios empotrados, así como plaza de garaje y trastero, esta vivienda asegura un almacenamiento conveniente y práctico para",https://www.idealista.com/inmueble/103963452/
105122568,Piso,Calle de Goya,Goya,Madrid,3.600.000€,5,379,False,"ÚNICA Inmobiliaria ofrece esta espectacular vivienda de 379 m² con reforma de lujo. El portal está protegido y es único en su estructura. En la reforma se han empleado las máximas calidades, además de un diseño genuino, que podemos apreciar en la originalidad de las puertas, interruptores de luz, molduras y otros muchos detalles que dan muestra de la exquisitez con la que se ha decorado. Los 379 m² se han distribuido en amplio hall, salón principal, 5 dormitorios, cocina independiente, salón-estar o comedor, cuatro baños, aseo de cortesía,",https://www.idealista.com/inmueble/105122568/
107795847,Ático,Calle de Dulce Chacón,Virgen del Cortijo - Manoteras,Madrid,1.200.000€,3,218,False,"Ático tríplex de lujo con piscina privada HUSPY presenta este exclusivo ático tríplex de 218 m², diseñado para ofrecer el máximo confort, lujo y funcionalidad. Su distribución en tres plantas permite disfrutar de amplios espacios, terrazas y una espectacular piscina privada con vistas panorámicas. En la planta principal, un elegante hall distribuidor da acceso a un luminoso salón-comedor con salida a una de las terrazas, creando un ambiente acogedor y funcional. La cocina, completamente equipada, cuenta con una zona de lavandería independient",https://www.idealista.com/inmueble/107795847/
,,,,,,,,False,,
108556334,Piso,Calle de Alcántara,Lista,Madrid,999.250€,4,116,False,"Presentamos EN EXCLUSIVA esta interesante vivienda interior de 116 m² construidos, situada en el prestigioso barrio de Lista. Su orientación hacia un amplísimo y cuidado patio de manzana le confiere una notable luminosidad durante todo el día, creando un ambiente tranquilo y acogedor. El piso se distribuye de manera funcional, aprovechando cada espacio para ofrecer el máximo confort. Sus dimensiones y características la convierten en una excelente oportunidad tanto para familias que buscan un nuevo hogar como para inversores que desean una prop",https://www.idealista.com/inmueble/108556334/
108337802,Piso,Calle de Vallehermoso,Arapiles,Madrid,970.000€,3,169,False,"El Barrio de Arapiles al igual que sus barrios vecinos del Distrito Chamberí goza de una envidiable ubicación lo cual te garantiza una excelente comunicación para desplazarte por Madrid. Delimitado por las calles Blasco de Garay, Cea Bermúdez, Bravo Murillo, San Bernardo y la calle Alberto Aguilera. La vida en Arapiles es idónea para los amantes de las actividades al aire libre y los planes de ocio pues cuenta con diversas zonas comerciales, numerosos teatros y cines combinados con otros espacios para el esparcimiento como lo son las zonas dep",https://www.idealista.com/inmueble/108337802/
107636973,Piso,Avenida del General Perón,Cuatro Caminos,Madrid,2.350.000€,5,360,False,"Maravilloso piso al lado del Paseo de la Castellana Engel & Völkers, inmobiliaria de lujo de Madrid, ofrece este maravilloso piso al lado del Paseo de la Castellana, en la Avenida General Perón, en una de las mejores zonas de la capital, rodeada de todo tipo de servicios. El piso se encuentra en una sexta planta con grandes ventanales en el salón comedor lo que aporta gran luminosidad a la vivienda y la posibilidad de volver a recupera la terraza de aproximadamente 10 m2 con estupendas vistas despejadas. En la zona de descanso cuenta con cinco",https://www.idealista.com/inmueble/107636973/
106713206,Casa o chalet independiente,Calle Eibar,El Plantío,Madrid,9.000.000€,9,1.674,False,"Magnífica casa en La Florida - Aravaca Espectacular Chalet Independiente de Diseño Moderno. Ubicado en una de las zonas más exclusivas de Madrid, en el barrio de Aravaca - La Florida. Urbanización privada con seguridad 24 horas, donde se combina lujo, comodidad y unas vistas inigualables al Monte del Pardo, Palacio de la Zarzuela y Sierra de Madrid. Esta vivienda de 1.674 m2 se distribuye en 4 plantas perfectamente diseñadas, dentro de una parcela de 2.869 m2 a la cual se accede desde un vial privado, equipado con garita de control de acceso.",https://www.idealista.com/inmueble/106713206/
107191884,Piso,Calle de la Fuente del Berro,Goya,Madrid,1.520.000€,3,150,False,"Descubre esta espectacular vivienda exterior de 150 m², diseñada para ofrecer el máximo confort y luminosidad gracias a su orientación este. Su distribución fluida y moderna incluye un elegante salón con cocina integrada, tres amplios dormitorios con baño en suite, aseo de cortesía y una práctica zona de lavado. Su diseño contemporáneo y los muebles incluidos permiten disfrutar de esta residencia desde el primer día. Cada estancia ha sido cuidadosamente diseñada para ofrecer una experiencia de vida sofisticada. El salón-comedor, amplio y diáfa",https://www.idealista.com/inmueble/107191884/
108460722,Piso,Calle de Trujillos,Sol,Madrid,750.000€,2,114,False,"En el corazón de Madrid, en la emblemática zona de Sol, se encuentra este magnífico piso de 114 metros cuadrados, una joya de alta gama que combina elegancia y funcionalidad. Ubicado en una finca construida en 1980, este inmueble destaca por su luminosidad y su diseño exterior, que invita a disfrutar de la vida urbana en uno de los barrios más vibrantes de la capital. Situado en la séptima planta de un edificio con ascensor, el piso está diseñado para satisfacer las necesidades más exigentes, ofreciendo dos amplios dormitorios principales y dos",https://www.idealista.com/inmueble/108460722/
106906461,Piso,Goya,Goya,Madrid,1.520.000€,3,141,False,"UNICA INMOBILIARIA les presenta esta espectacular vivienda situada en una tranquila zona del barrio de Goya, a estrenar y con los muebles incluidos para que la puedas disfrutar desde el primer día. Vivienda, exterior, donde podrás disfrutar de una increíble luz todo el día. Orientación este. El inmueble de 141 m², está distribuido en salón con cocina incorporada, tres dormitorios con baño en suite, aseo de cortesía y zona de lavado. Según accedemos a la vivienda nos encontramos con un amplio salón comedor y dos terrazas, con posibilidad de",https://www.idealista.com/inmueble/106906461/
108127673,Ático,Calle de Claudio Coello,Recoletos,Madrid,2.580.000€,2,130,False,"DIZA Consultores les presenta este magnifico ático en la mejor zona del Barrio Salamanca, junto a la calle Serrano. La vivienda se encuentra en la sexta planta de de mediados del siglo XX con una espectacular terraza, reformado con calidades sobresalientes. Cuenta con una superficie de 130 metros cuadrados, de los cuales 10 en terraza, y el inmueble se distribuye de manera funcional y moderna, destacando por su luminosidad y vistas al vibrante centro de la ciudad. En la zona social, encontramos un gran espacio abierto con salón, comedor y c",https://www.idealista.com/inmueble/108127673/
107264664,Ático,Calle Mayor,Sol,Madrid,1.690.000€,2,145,False,"Descubre este exclusivo ático de lujo en pleno corazón de Madrid, concretamente en el emblemático barrio de Sol, una de las zonas más codiciadas de la capital. Con una superficie construida de 145 m², esta vivienda es el epítome de la elegancia y el confort. Su diseño moderno y materiales de alta calidad se combinan con una distribución impecable que incluye dos dormitorios, dos baños y una espectacular terraza orientada al noreste, desde donde podrás disfrutar de vistas privilegiadas a la Puerta del Sol y al majestuoso Palacio Real. El dormit",https://www.idealista.com/inmueble/107264664/
107792540,Dúplex,Calle de Padilla,Lista,Madrid,3.300.000€,4,287,False,"DIZA Consultores presenta ático dúplex con jacuzzi privado en la promoción de obra nueva más deseada del Barrio Salamanca. En la quinta planta de un edificio rehabilitado íntegramente donde únicamente se ha conservado la fachada, se encuentra este luminoso ático dúplex de 267 metros cuadrados con 85 en terraza. La urbanización cuenta con unas zonas comunes excepcionales, con una piscina exterior con zona de solárium, jardín con césped natural, chill out y gimnasio de lujo. La vivienda cuenta en la planta quinta del edificio con una amplia z",https://www.idealista.com/inmueble/107792540/
107445194,Piso,Paseo de La Habana,Bernabéu-Hispanoamérica,Madrid,4.400.000€,4,463,False,"Exclusivo dúplex de 400 m² con jardín y piscina privada en el prestigioso barrio de Hispanoamérica, Madrid. Esta propiedad única se encuentra en un edificio de arquitectura galardonada, con solo 11 viviendas y servicios de lujo como piscina comunitaria, gimnasio y sauna. La vivienda se distribuye en dos plantas y cuenta con acabados de alta gama, tecnología de vanguardia y un diseño que maximiza la luz natural. En la planta baja, un amplio salón con techos de doble altura se abre a una terraza privada de 100 m² con jardín, zona de comedor y pi",https://www.idealista.com/inmueble/107445194/
108535176,Piso,Calle de Castelló,Recoletos,Madrid,3.480.000€,3,228,True,"DIZA Consultores Inmobiliarios les presenta este exclusivo proyecto llave en mano, situado en una de las calles más representativas del barrio de Salamanca, junto a Ortega y Gasset y la plaza del Marqués de Salamanca. La vivienda, ubicada en una quinta planta exterior de una finca moderna de 2003, destaca por su reforma integral de alta gama, con mobiliario e interiorismo incluidos, lista para entrar a vivir. El edificio cuenta con conserje, dos ascensores, trastero y plaza de garaje con acceso directo en la misma finca. Distribuida en 228 m²",https://www.idealista.com/inmueble/108535176/
108699960,Piso,Calle de las Mártires Concepcionistas,Goya,Madrid,2.450.000€,4,181,False,"En una de las calles más exclusivas de Goya, presentamos esta magnífica vivienda de 181 m² situada en un elegante edificio señorial con servicio de portería. La propiedad destaca por su excelente distribución, su luz natural y una reforma de alta calidad pensada para el confort de una familia exigente. Al entrar, un espacioso hall recibe con luz natural gracias a dos amplias aperturas que conectan con un luminoso salón-comedor orientado al este y con salida directa a un balcón. La cocina, independiente y separada mediante una elegante puerta c",https://www.idealista.com/inmueble/108699960/
102711209,Piso,Carrera de San Jerónimo,Sol,Madrid,2.350.000€,4,218,False,"Propiedades con terraza en zona prime de Centro Engel & Völkers presenta estas magníficas propiedades en zona prime de Centro. Se encuentran en un edificio clásico de 1920 rehabilitado íntegramente en el año 2003, para actualizarlo dotándolo de todo tipo de comodidades. Las propiedades han sido completamente reformadas con calidades de lujo, cuidando los más mínimos detalles en sus acabados y diseño y aprovechando al máximo su espacio. Cada una de las dos unidades que la forman cuenta con amplio salón comedor y cocina abierta, dos dormitorios",https://www.idealista.com/inmueble/102711209/
108122019,Piso,Calle de Jorge Manrique,El Viso,Madrid,2.150.000€,1,176,False,"AMBASSADOR ofrece este fantástico bajo con jardín orientado al sur. Situado en la calle Jorge Manrique, una de las mejores zonas de Madrid. Son dos vecinos por planta; total, diez. El edificio cuenta con una pequeña piscina, gimnasio y sala de pimpón. Apartamento de un dormitorio de 150m2 construidos, en los que se incluye el coqueto y cuidado jardín privado. Es de diseño de un exquisito gusto y de inmejorables calidades. (se alquila con muebles en 5.800EUR y sin muebles, 5.000EUR). Distribución: Gran salón comedor con acceso al jardín",https://www.idealista.com/inmueble/108122019/
,,,,,,,,False,,
107556123,Piso,Calle de Raimundo Fernández Villaverde,Nuevos Ministerios-Ríos Rosas,Madrid,1.315.000€,3,161,True,"Bonita propiedad en urbanización Géminis con garaje y trastero Engel & Völkers se complace en presentar este lindo apartamento ubicado en el corazón de Ríos Rosas, en Chamberí. Situado en la reconocida urbanización Géminis, se encuentra cerca de Raimundo Fernández Villaverde y cerca del Paseo de Castellana. Al ingresar, se accede directamente a un salón-comedor orientado al sur, lo que permite la entrada de luz natural durante todo el día. Este inmueble se encuentra en un tercer piso, ofreciendo vistas a una calle tranquila y poco ruidosa. Disp",https://www.idealista.com/inmueble/107556123/
108627716,Piso,Calle de Juan Ramón Jiménez,Nueva España,Madrid,1.650.000€,4,196,False,"PISO EXTERIOR CON TERRAZA A REFORMAR EN NUEVA ESPAÑA Fantástico piso para reformar totalmente exterior con terraza orientación sur. Se trata de 196 m2 con comunes de los que 169 m2 son de vivienda según catastro, situados en una 7ª planta totalmente exterior en chaflan. Actualmente, se accede por un hall distribuidor que separa por un lado la zona de día compuesta por sala de estar, comedor y salón con salida a la terraza con orientación sur y este con vistas despejadas buenísimas. Por otro lado, encontramos la zona de noche distribuida en",https://www.idealista.com/inmueble/108627716/
106011664,Piso,Calle de Joaquín María López,Gaztambide,Madrid,1.275.000€,4,157,False,"Elegante y luminoso piso en Gaztambide Engel & Völkers tiene el placer de presentarles una elegante y luminosa propiedad en una de las calles más conocidas del barrio de Gaztambide, en el emblemático distrito de Chamberí. Está ubicada en un edificio del reconocido arquitecto Gutierrez Soto. Desde la puerta principal se accede a un recibidor que lleva a la zona social, un gran salón con dos ambientes y grandes ventanales. Frente al salón, la cocina, independiente, totalmente renovada y equipada con electrodomésticos de alta gama Bosch. Al fon",https://www.idealista.com/inmueble/106011664/
106549678,Piso,Calle del Monte Esquinza,Almagro,Madrid,899.000€,2,75,False,"Apartamento reformado en Monte Esquinza Este elegante apartamento de 75 metros cuadrados se encuentra en la cuarta planta de un edificio clásico en una de las calles más prestigiosas de Almagro. Es interior, brindando un ambiente tranquilo, ideal para quienes buscan privacidad y silencio. El edificio cuenta con ascensor y servicio de portería, lo que aporta comodidad y seguridad adicional. La propiedad ha sido recientemente reformada y está lista para estrenar, con una distribución moderna y funcional que optimiza cada metro cuadrado. Dispone",https://www.idealista.com/inmueble/106549678/
106202655,Dúplex,Calle de Rufino Blanco,Fuente del Berro,Madrid,1.200.000€,3,181,False,"Barrio de Salamanca, zona Fuente del Berro, máxima tranquilidad, precioso ático de 111 metros más 70 metros de exclusiva terraza con muy buenas vistas 270º, muy buen estado de conservación, distribuido en salón-comedor independiente de 25 metros, 3 dormitorios, 1 baño y cocina independiente de 12 metros, mucha luz natural en todos sus ambientes al ser prácticamente todo exterior. Servicio individual de calefacción, aire acondicionado frio y calor. Finca moderna con portal representativo y pocos vecinos, lo que hace muy asequibles sus gastos. Mu",https://www.idealista.com/inmueble/106202655/
108831018,Piso,Calle de Ayala,Goya,Madrid,750.000€,2,68,False,"Este excepcional piso reformado en el prestigioso barrio de Goya ofrece 68 metros cuadrados de diseño inteligente y funcionalidad. Cada rincón ha sido cuidadosamente optimizado para maximizar el espacio, creando un ambiente fluido y acogedor. La zona social abierta es el corazón de la vivienda, conectando armoniosamente el luminoso salón-comedor con una cocina de vanguardia. El diseño interior destaca por su atención al detalle y la elección de acabados de primera calidad. La cocina, completamente equipada con electrodomésticos de alta gama, e",https://www.idealista.com/inmueble/108831018/
107441428,Piso,Calle de Santa Engracia,Trafalgar,Madrid,790.000€,2,73,False,"Exclusivo piso de diseño y balcones en Santa Engracia Engel & Völkers les presenta este espectacular piso de 73 metros cuadrados ubicado en Trafalgar, Chamberí. Con un diseño moderno y sofisticado, la vivienda cuenta con dos dormitorios dobles, uno de ellos con baño en suite, ofreciendo comodidad y privacidad. Además, la propiedad destaca por su gran luminosidad gracias a sus balcones que dan a la calle, lo que aporta aire fresco y una vista agradable a cada estancia. El salón-comedor es un espacio acogedor y luminoso, decorado con un estilo c",https://www.idealista.com/inmueble/107441428/
103632538,Piso,Calle de Santa Engracia,Trafalgar,Madrid,1.350.000€,2,138,False,"Oportunidad para invertir en Trafalgar! Engel & Völkers ofrece una oportunidad única para inversores, en la mejor zona de Chamberí, en la Plaza de Iglesia. Propiedad dividida en dos apartamentos, ya alquilados, con una rentabilidad muy superior al 3%, con reforma a estrenar. La vivienda, de casi 140 metros cuadrados, está ubicada en la séptima planta de una finca de esquina, con vistas despejadas e inmejorables, dividida en dos estupendos apartamentos, reformados pensando en cada detalle para tener completa autonomía: cocina absolutamente equi",https://www.idealista.com/inmueble/103632538/
108282763,Piso,San Pascual,San Pascual,Madrid,540.000€,1,78,True,"Moderno piso con piscina en Arturo Soria Descubre esta exclusiva vivienda de un dormitorio ubicada en una finca moderna, en pleno corazón del Barrio de la Concepción, junto a Arturo Soria. Ideal tanto para parejas, profesionales o como inversión con alta rentabilidad. Características principales: Un dormitorio amplio con armario empotrado, un baño completo moderno, cocina abierta integrada al salón-comedor, en un espacio diáfano y funcional, garaje y trastero incluidos en el precio, calefacción individual y aire acondicionado y excelente orient",https://www.idealista.com/inmueble/108282763/
108442541,Piso,Bernabéu-Hispanoamérica,Bernabéu-Hispanoamérica,Madrid,995.000€,3,170,True,"Descubre esta excepcional vivienda ubicada en pleno corazón de Hispanoamérica, uno de los barrios más exclusivos de Madrid dentro del distrito de Chamartín. Con 170 m² construidos, la propiedad destaca por su diseño funcional, gran amplitud y una iluminación natural fantástica gracias a su orientación. Cuenta con tres dormitorios amplios, tres baños completos, cocina independiente con terraza/lavadero y un gran salón comedor con terraza exterior ideal para reuniones o el día a día. Además, incluye dos plazas de garaje, una ventaja imprescindib",https://www.idealista.com/inmueble/108442541/
106167991,Piso,Recoletos,Recoletos,Madrid,3.150.000€,4,244,False,"ÚNICA Inmobiliaria les presenta una magnifica vivienda señorial situada en emblemática calle de Recoletos. El inmueble está situado en una 3ª planta exterior y cuenta con 244 m² de superficie. Desde el amplio hall se accede a la zona social, espacio con dos grandes ventanales y vistas despejadas. Destacamos los altos techos con preciosas molduras en las principales estancias. Frente al salón se encuentra la zona de comedor y una habitación contigua que le da mayor amplitud. El área de descanso cuenta con tres amplios dormitorios dobles en s",https://www.idealista.com/inmueble/106167991/
108765527,Ático,Calle de Manuel Silvela,Trafalgar,Madrid,750.000€,1,68,False,"Ático con encanto y vistas despejadas junto a la Plaza de Olavide Engel & Völkers presenta este exclusivo ático de aproximadamente 75 metros cuadrados junto a la popular Plaza de Olavide, en el corazón de Chamberí. Este elegante espacio de 60 metros cuadrados y con una terraza de 12 metros, ha sido meticulosamente restaurado hace unos años, conservando su encanto original de 1945. Con un diseño muy funcional, actualmente dispone de un dormitorio y un baño, cocina independiente y bonito salón con área de trabajo y acceso a la espectacular ter",https://www.idealista.com/inmueble/108765527/
108765527,Ático,Calle de Manuel Silvela,Trafalgar,Madrid,750.000€,1,68,False,"Ático con encanto y vistas despejadas junto a la Plaza de Olavide Engel & Völkers presenta este exclusivo ático de aproximadamente 75 metros cuadrados junto a la popular Plaza de Olavide, en el corazón de Chamberí. Este elegante espacio de 60 metros cuadrados y con una terraza de 12 metros, ha sido meticulosamente restaurado hace unos años, conservando su encanto original de 1945. Con un diseño muy funcional, actualmente dispone de un dormitorio y un baño, cocina independiente y bonito salón con área de trabajo y acceso a la espectacular ter",https://www.idealista.com/inmueble/108765527/
108617475,Piso,Malasaña-Universidad,Malasaña-Universidad,Madrid,1.500.000€,4,211,False,"Vivienda de 4 habitaciones para reformar a un paso de la Grán Vía Engel&Völkers tiene el placer de presentar esta propiedad única, ubicada en un edificio señorial y clásico típicamente madrileño, en la que destacan sus 3 balcones de hierro forjado además de un grán mirador desde los que se puede observar la Gran Vía madrileña. Cabe destacar la abundante luz que inunda todos sus rincones, gracias a la amplitud de los huecos exteriores. Lo que unido a sus techos de 3 metros de altura convierten esta propiedad en una oportunidad única para llevar",https://www.idealista.com/inmueble/108617475/
107306908,Chalet adosado,Peñagrande,Peñagrande,Madrid,1.599.000€,7,543,False,"Te presentamos este impresionante chalet adosado de 7 dormitorios y 6 baños, con amplios y luminosos espacios que ofrecen una comodidad inigualable. Ubicado en una de las mejores zonas de Peñagrande, esta propiedad destaca por su gran jardín privado con piscina y zona de barbacoa, ideal para disfrutar de momentos al aire libre. La casa cuenta con una parcela exclusiva y muy amplia, con una excelente orientación que garantiza una gran luminosidad en todas sus estancias. Además, dispone de un ascensor que conecta todas las plantas, brindando un a",https://www.idealista.com/inmueble/107306908/
,,,,,,,,False,,
108745675,Casa o chalet independiente,Bernabéu-Hispanoamérica,Bernabéu-Hispanoamérica,Madrid,2.500.000€,8,556,True,"Amplio chalet de 4 plantas en Hispanoamérica. Se vende magnífico chalet para reforma con unas dimensiones únicas, 556 metros cuadrados, El chalet se divide en 4 plantas dentro de una parcela de 286 m2 y fue construido en el año 1980. Actualmente cuenta con 8 habitaciones y 6 baños, jardín, trastero y garaje. En la planta baja dispone de una gran zona diáfana en bruto utilizada como almacén-garaje. La planta 0 actuaba como una vivienda familiar completa, cuenta con 3 habitaciones, 2 baños completos, un amplio salón-comedor y una cocina con ampl",https://www.idealista.com/inmueble/108745675/
108401741,Piso,Paseo de Eduardo Dato,Almagro,Madrid,7.250.000€,5,485,True,"Almagro - Chamberí: Con gran TERRAZA con VISTAS. 485m2 en un edificio representativo de la zona. Altura de techos en el salón de 2,97metros. Tiene 2 plazas de garaje, cuarto comunitario para conductores y aseo, portero físico. La actual distribución es la siguiente: Buena zona de recibo Despacho ó librería Gran Salón con acceso a una buena terraza con vistas Amplio comedor Aseo de cortesía Cocina con office, comedor de diario y sala de estar ó ""playing room"" para los más pequeños Dormitorio de servicio con baño. Amplio dormitorio principal co",https://www.idealista.com/inmueble/108401741/
103478338,Casa o chalet independiente,Calle Peguerinos,Ciudad Universitaria,Madrid,4.500.000€,5,730,False,"Colonia de Puerta de Hierro, chalet independiente, salón con techos de doble altura, grandes ventanales con gran entrada de luz distribuida de la siguiente manera: Planta de acceso: Salón comedor con techos altos, despacho junto a la entrada, sala multiusos (Playing Room), Cocina con office y electrodomésticos Miele y Siemens. 1º Planta: Suite principal con 2 baños, 2 vestidores y terraza. 3 dormitorios con sus 3 baños y terrazas. 2º Planta: 2 salas multiusos. Sótano: 2 dormitorios de servicio, cuarto de plancha, despensa, 1 baño completo,",https://www.idealista.com/inmueble/103478338/
108752576,Piso,Calle de Diego de León,Lista,Madrid,850.000€,2,83,False,"Luminosa vivienda exterior con orientación sur, situada en la calle Diego de León Engel & Völkers presenta esta luminosa vivienda exterior con orientación sur, situada en la calle Diego de León, en pleno Barrio de Salamanca. Con 85 m² construidos, este piso ofrece una distribución cómoda y funcional, destacando su salón-comedor exterior, dos dormitorios y un diseño cuidado en cada detalle. El dormitorio principal cuenta con un amplio armario empotrado con altillo y baño en suite con bañera, aportando privacidad y confort. Además, la vivienda d",https://www.idealista.com/inmueble/108752576/
98352607,Chalet pareado,Peñagrande,Peñagrande,Madrid,1.435.000€,6,388,False,"GILMAR MIRASIERRA & PUERTA DE HIERRO presenta en exclusiva chalet de Obra Nueva de 388,40 m² con tecnología puntera y sostenible. Equipada con aerotermia, suelo radiante y refrescante, placas fotovoltaicas y domótica. Dispone de ascensor, cocina de SANTOS y electrodomésticos de alta gama NEFF. La parcela de 253 m² está ajardinada y cuenta con piscina. Distribuida en 4 plantas, cada una con 107 m². Consta de 6 dormitorios, 5 baños y aseo de cortesía. Amplio salón con ventanales amplios. En la planta principal se encuentra el hall de entrada, s",https://www.idealista.com/inmueble/98352607/
106483093,Piso,Recoletos,Recoletos,Madrid,3.150.000€,4,244,False,"Piso Luminoso en Recoletos a dos pasos de El Retiro Engel&Völkers les presenta este piso en pleno Recoletos a dos pasos del Retiro. El piso consta de un gran recibidor que nos lleva a la izquierda a un amplio salón comedor con dos ventanales dobles a la calle y con vistas despejadas a preciosos edificios. El piso consta de cuatro domitorios y cuatro cuartos de baño, tres de ellos en suite. Uno de los dormitorios en estos momentos hace vez de comedor y zona de televisión; la cocina se encuentra al lado lo que es muy práctico. Los tres dormitori",https://www.idealista.com/inmueble/106483093/
108611951,Piso,Nuevos Ministerios-Ríos Rosas,Nuevos Ministerios-Ríos Rosas,Madrid,2.050.000€,5,249,False,"Excelente propiedad en un entorno único en calle de Fernández de la Hoz Engel & Völkers presenta excelente oportunidad de adquirir una propiedad en un entorno incomparable. En una urbanización emblemática, conocida por sus grandes espacios ajardinados y deportivos, de uso exclusivo de los vecinos del inmueble, y una ubicación privilegiada, los residentes disfrutan de la vida con estilo y comodidad. La vivienda, exterior, se ubica en la primera planta, con altura de segunda, de esta magnífica finca de finales de los años 70. Cuenta con una supe",https://www.idealista.com/inmueble/108611951/
97995920,Piso,El Viso,El Viso,Madrid,1.950.000€,5,390,False,"Exclusivo y espacioso piso en El Viso Engel & Völkers presenta este fantástico piso de 390 m2 construidos y 314 m2 útiles de vivienda, todo exterior, en perfecto estado de conservación y en una de las calles más prestigiosas del Viso. Entramos a la vivienda a través de un magnífico hall que da acceso a la zona de día, compuesta por cuarto de estar, salón principal y gran comedor, conectados entre sí por puertas correderas. La zona de noche está compuesta por cinco dormitorios y cinco baños, dos de ellos en suite. La zona de servicio consta de u",https://www.idealista.com/inmueble/97995920/
108574393,Piso,Malasaña-Universidad,Malasaña-Universidad,Madrid,1.650.000€,3,210,False,"Ideal para transformar en lujo sofisticado en la calle Fuencarral Engel & Völkers le da la bienvenida a un exclusivo piso de 210 metros cuadrados situado en el corazón de Madrid, en el área peatonal de la emblemática calle Fuencarral, a dos pasos de Gran Vía. Este magnífico inmueble, construido en 1880, ofrece un espacio habitable de 190 metros cuadrados, distribuidos en tres amplias habitaciones y dos elegantes baños, uno de ellos en suite. Aunque requiere rehabilitación, su potencial para convertirse en una joya de lujo es innegable. Al ser",https://www.idealista.com/inmueble/108574393/
108517112,Piso,Calle de Hilarión Eslava,Gaztambide,Madrid,1.300.000€,3,143,False,"Ubicado en una finca emblemática del prestigioso barrio de Gaztambide, este magnífico piso a estrenar ofrece una experiencia residencial única. Con una superficie optimizada para la comodidad y el diseño, la vivienda destaca por su terraza de 14 m², que proporciona un espacio perfecto para disfrutar del aire libre. La finca cuenta con portero físico, y tres ascensores. El interior se distribuye de manera funcional y elegante. Desde el hall principal, encontramos tres habitaciones con baño en suite, la principal con vestidor y espejos con conex",https://www.idealista.com/inmueble/108517112/
107983438,Piso,Paseo de Eduardo Dato,Almagro,Madrid,7.250.000€,7,485,False,"DIZA Consultores les presenta señorial piso haciendo esquina con once ventanales al exterior, terraza grande y vistas espectaculares, en edificio representativo de Gutiérrez Soto, en la mejor zona de Almagro. En la octava planta de un edificio construido a mediados del siglo XX, encontramos este piso de techos altos con 485 metros cuadrados, siete dormitorios, cinco baños y aseo para reformar. Actualmente el salón se divide en tres estancias, zona de biblioteca, zona de estar y comedor grande, para más de doce personas. Todas las estancias go",https://www.idealista.com/inmueble/107983438/
108134168,Ático,Paseo de Eduardo Dato,Almagro,Madrid,7.250.000€,5,485,False,"Ubicada en la octava planta de un edificio representativo, en la mejor zona del distinguido barrio de Almagro, esta imponente vivienda en esquina es una oportunidad única para instalar su hogar en el corazón de Madrid. Con 485 m² construidos, techos altos y once ventanales al exterior, esta propiedad destaca por su luz natural, amplitud y una espectacular terraza de 25 m² con vistas despejadas sobre la ciudad. La zona social, concebida para el disfrute y el arte de recibir, se articula en torno a tres estancias diferenciadas: biblioteca, sal",https://www.idealista.com/inmueble/108134168/
103839118,Piso,Calle de Alberto Bosch,Jerónimos,Madrid,2.500.000€,3,227,False,"DIZA Consultores les presenta excepcional piso de lujo, en exclusiva para sus clientes en edificio representativo en Jerónimos. En la primera planta de un edificio construido a principios del siglo XX, encontramos este magnífico piso de techos altos de 227 metros cuadrados. El acceso a la vivienda da a un amplio hall que la distribuye. Desde éste, se puede acceder a la amplia zona de recibo con un luminoso salón con amplios ventanales con orientación sur. La zona de descanso se compone de tres dormitorios dobles, todos en suite, el principal",https://www.idealista.com/inmueble/103839118/
107655123,Piso,Concepción,Concepción,Madrid,940.000€,4,234,True,"Luminoso piso en Arturo Soria Engel & Völkers presenta este espectacular piso exterior en exclusiva zona residencial SIN COMISIÓN AL COMPRADOR. Con doscientos treinta y cuatro metros cuadrados construidos y una excelente triple orientación (norte, este y oeste), donde puedes disfrutar de luz natural durante todo el día; este amplio y luminoso hogar ofrece: cuatro habitaciones espaciosas, dos baños completos, salón-comedor amplio con vistas despejada, cocina independiente totalmente equipada, dos plazas de garaje incluidas, zonas comunes con pis",https://www.idealista.com/inmueble/107655123/
106666173,Chalet adosado,Calle de Estanislao Gómez,Palomas,Madrid,1.250.000€,6,353,True,"Esta sofisticada propiedad se extiende sobre 353 m² construidos, distribuidos en cuatro niveles diseñados para maximizar el confort y la funcionalidad. Su arquitectura moderna y acabados de alta calidad la convierten en una opción ideal para quienes buscan un hogar que combine elegancia y comodidad en cada detalle. En el semi-sótano encontrará dos acogedores dormitorios, un baño completo y un garaje con capacidad para dos vehículos. La planta principal ofrece un amplio hall de entrada, una cocina totalmente equipada y un espacioso salón-comedo",https://www.idealista.com/inmueble/106666173/
,,,,,,,,False,,
108710590,Piso,Calle de Arturo Soria,Costillares,Madrid,1.640.000€,4,275,False,"ÚNICA Inmobiliaria les ofrece en exclusiva esta vivienda totalmente reformada hace 2 años con excepcionales calidades y un gusto exquisito. Cuenta con un gran salón comedor en varios ambientes (uno de ellos de origen fue un dormitorio en suite también) con salida a una agradable terraza con vistas despejadas; amplia cocina independiente y la zona de descanso compuesta de 3 dormitorios dobles (principal en suite), otro baño completo más y un aseo de cortesía. También dispone de una buhardilla totalmente reformada. Todo el piso goza de una lum",https://www.idealista.com/inmueble/108710590/
106955866,Piso,Calle de la Fuente del Berro,Goya,Madrid,1.300.000€,3,170,False,"Elegante vivienda reformada en Goya Engel & Völkers presenta esta elegante y cómoda vivienda de tres dormitorios y dos baños, el principal en suite y con vestidor, en uno de los barrios más céntricos y comerciales de la capital, a pocos metros del Corte Inglés de Goya y el parque del Retiro, muy bien comunicada por transporte público y accesos a la capital. La vivienda, ubicada en una primera planta exterior, cuenta con techos de 3m. de altura y se compone, además, de un amplio salón-comedor con cocina integrada equipada con los más modernos e",https://www.idealista.com/inmueble/106955866/
107762795,Ático,Calle de Celeste,Colina,Madrid,2.227.000€,4,493,False,"Ático Dúplex de Lujo en Arturo Soria: Elegancia y Confort, Pura Exclusividad Engel&Völkers pone a su disposición sin honorarios al comprador este exclusivo ático dúplex en el corazón de Arturo Soria, una joya de cuatrocientos noventa y tres metros cuadrados distribuidos en dos plantas, que redefine el lujo urbano. Este elegante hogar, parcialmente rehabilitado en su planta principal, ofrece cuatro amplios dormitorios y tres baños, combinando a la perfección el confort y la sofisticación en cada rincón. Construido en 1981, este espacio ha sido c",https://www.idealista.com/inmueble/107762795/
108118559,Piso,Avenida de América,Guindalera,Madrid,1.180.000€,5,220,False,"Luminoso y amplio piso en esquina en Guindalera Engel & Völkers tiene el placer de presentar este gran y acogedor piso en la zona de Guindalera, en el exclusivo Barrio de Salamanca. Se trata de una séptima planta, totalmente exterior con vistas panorámicas y despejadas a la ciudad. Reformada integralmente en el año 2021 y posibilidad de segregación, ya autorizada. El inmueble se distribuye en cinco habitaciones, de los cuales cuatro son dormitorios actualmente. El principal con baño en suite. El segundo baño es completo y el tercero (también co",https://www.idealista.com/inmueble/108118559/
108357057,Piso,Calle Alcalá,Goya,Madrid,2.950.000€,4,320,False,"Impresionante vivienda de lujo con vistas espectaculares Descubra una propiedad única en el corazón de Madrid. Esta imponente vivienda de 321 m² situada en una sexta planta exterior le ofrece una experiencia de lujo, confort y amplitud difícil de encontrar en la ciudad. Al ingresar, encontrará un luminoso recibidor, con aseo de cortesía, que da acceso a un dormitorio con baño en suite para invitados o servicio. Nos adentramos hacia a un espectacular salón-comedor de tres ambientes, diseñado para ofrecer diferentes zonas de estar y entretenimi",https://www.idealista.com/inmueble/108357057/
98249348,Piso,Trafalgar,Trafalgar,Madrid,2.415.000€,3,227,False,"Piso en edificio rehabilitado de lujo DIZA Consultores les presenta formidable vivienda de obra nueva a estrenar, ubicada en la mejor zona de Chamberí, a dos minutos caminando de Alonso Martínez. En la tercera planta de un edificio representativo con techos muy altos, encontramos este luminoso piso de 227 metros cuadrados con cuatro balcones. Se trata de un edificio de reciente construcción a estrenar con unas calidades excepcionales. El salón-comedor es amplio y muy luminoso gracias a los tres balcones de suelo a techo. Toda la vivienda po",https://www.idealista.com/inmueble/98249348/
108788502,Piso,Malasaña-Universidad,Malasaña-Universidad,Madrid,1.290.000€,2,128,False,"Piso Reformado con dos Balcones en San Bernardo Engel & Völkers presenta: Diseño, Historia y Exclusividad. Te invitamos a descubrir una joya arquitectónica en uno de los barrios más vibrantes y cotizados de Madrid. Este espectacular piso de diseño, completamente renovado a estrenar, se encuentra en un edificio histórico rehabilitado, fusionando el encanto de la arquitectura clásica con el confort contemporáneo. Ubicado en una de las calles más amplias y arboladas de Universidad, epicentro del arte, la cultura y el ocio madrileño, este exclusiv",https://www.idealista.com/inmueble/108788502/
107168869,Piso,Calle de Biarritz,Guindalera,Madrid,930.000€,4,160,False,"Amplio y luminoso piso en calle Biarritz Engel & Völkers tiene el placer de presentarle este amplio y luminoso piso en Guindalera. Se encuentra en una calle tranquila, arbolada y cercana a la calle Alcalá, m-30 y la plaza de toros de Las Ventas. Se trata de una vivienda tanto para reformar o actualizar, ya que se han ido haciendo mejoras en los últimos años como electricidad, tuberías y mejora del aislamiento. La vivienda se distribuye en un bonito y amplio hall de entrada, gran salón comedor y una cocina con doble acceso, el principal y el de",https://www.idealista.com/inmueble/107168869/
107518814,Piso,Calle de Pedro Rico,La Paz,Madrid,975.000€,4,158,False,"Estupenda propiedad en calle Pedro Rico Engel & Völkers se complace en presentar este estupendo y luminoso piso de esquina totalmente exterior ubicado en un edificio diseñado y realizado por el Estudio de Arquitectura Lamela con una distribución ideal, ya que procura el máximo aprovechamiento del espacio construido disponible, al tiempo que obtiene estancias amplias y muy bien dimensionadas. Está distribuido en un amplio hall de entrada así como anchos pasillos que, en dos tramos separados, dan acceso a las distintas estancias de la casa. Const",https://www.idealista.com/inmueble/107518814/
108530257,Piso,Calle de Fernández de los Ríos,Arapiles,Madrid,1.900.000€,4,246,False,"PISO DE ESQUINA, EXTERIOR Y REFORMADA EN CHAMBERI ¡Luz, elegancia y ubicación de ensueño en el corazón de Chamberí! Desde aProperties Real Estrate presentamos esta exclusiva vivienda de esquina de 246 m², completamente exterior y bañado por luz natural durante todo el día. Recién reformada a estrenar con calidades de lujo, esta joya inmobiliaria aúna diseño, amplitud y una ubicación privilegiada en una de las zonas más codiciadas de Madrid. La propiedad cuenta con 4 amplios dormitorios, todos con armarios empotrados, y 2 baños completos, uno",https://www.idealista.com/inmueble/108530257/
106506235,Piso,Plaza de Lavapiés,Lavapiés-Embajadores,Madrid,723.000€,5,123,False,"PISO EXTERIOR Y REFORMADO aProperties presenta este amplio y encantador piso exterior en la Plaza de Lavapiés, completamente reformado con buen gusto y materiales de alta calidad, logrando un equilibrio perfecto entre historia y modernidad. Con 123 m² según catastro, la vivienda se encuentra en la segunda planta de un edificio clásico sin ascensor, en pleno corazón de uno de los barrios más vibrantes y multiculturales de Madrid. Actualmente, la propiedad dispone de cinco habitaciones, incluyendo un dormitorio principal con baño en suite, adem",https://www.idealista.com/inmueble/106506235/
108589662,Ático,Recoletos,Recoletos,Madrid,1.850.000€,2,107,False,"Descubre este exclusivo ático abuhardillado situado en el corazón del prestigioso Barrio de Salamanca, concretamente en Recoletos, una de las zonas más codiciadas de Madrid por su elegancia y sofisticación. Este inmueble, ubicado en la emblemática calle Ayala, entre la calle Serrano y Paseo de la Castellana, ofrece una combinación perfecta de diseño clásico y comodidades modernas. Con 107 m² construidos, esta vivienda destaca por su luminosidad, su distribución funcional y sus amplias estancias. El ático cuenta con un salón-comedor de 36 m² di",https://www.idealista.com/inmueble/108589662/
